"timestamp_utc","spike_phase","target_vus","actual_vus_live","actual_vus_live_source","role","pid","process_available","cpu_percent_total_machine","working_set_mb","private_memory_mb","thread_count"
"2026-08-17T14:20:08.6972473Z","warmup_4","4","","unavailable","backend","11976","True","","43.855","54.359","12"
"2026-08-17T14:20:08.6972473Z","warmup_4","4","","unavailable","k6","24360","True","","24.355","56.387","10"
"2026-08-17T14:20:11.0298218Z","warmup_4","4","4","k6_progress","backend","11976","True","0.223","46.176","56.16","12"
"2026-08-17T14:20:11.0298218Z","warmup_4","4","4","k6_progress","k6","24360","True","1.842","59.672","87.59","19"
"2026-08-17T14:20:12.4341865Z","warmup_4","4","4","k6_progress","backend","11976","True","0.185","46.633","56.676","12"
"2026-08-17T14:20:12.4341865Z","warmup_4","4","4","k6_progress","k6","24360","True","0","59.984","87.871","19"
"2026-08-17T14:20:13.7442220Z","warmup_4","4","4","k6_progress","backend","11976","True","0","46.633","56.676","12"
"2026-08-17T14:20:13.7442220Z","warmup_4","4","4","k6_progress","k6","24360","True","0","60.199","88.059","19"
"2026-08-17T14:20:15.0829845Z","warmup_4","4","4","k6_progress","backend","11976","True","0.097","46.691","56.676","12"
"2026-08-17T14:20:15.0829845Z","warmup_4","4","4","k6_progress","k6","24360","True","0","60.57","88.363","19"
"2026-08-17T14:20:16.3899912Z","warmup_4","4","4","k6_progress","backend","11976","True","0.199","46.973","56.676","12"
"2026-08-17T14:20:16.3899912Z","warmup_4","4","4","k6_progress","k6","24360","True","0","60.867","88.582","19"
"2026-08-17T14:20:17.6829778Z","pre_spike_steady_4","4","4","k6_progress","backend","11976","True","0","46.977","56.676","12"
"2026-08-17T14:20:17.6829778Z","pre_spike_steady_4","4","4","k6_progress","k6","24360","True","0.101","61.188","88.895","19"
"2026-08-17T14:20:18.9921013Z","pre_spike_steady_4","4","4","k6_progress","backend","11976","True","0.099","46.977","56.676","12"
"2026-08-17T14:20:18.9921013Z","pre_spike_steady_4","4","4","k6_progress","k6","24360","True","0","61.648","89.395","19"
"2026-08-17T14:20:20.2820134Z","pre_spike_steady_4","4","4","k6_progress","backend","11976","True","0.101","46.977","56.676","12"
"2026-08-17T14:20:20.2820134Z","pre_spike_steady_4","4","4","k6_progress","k6","24360","True","0","61.832","89.801","19"
"2026-08-17T14:20:21.5917644Z","pre_spike_steady_4","4","4","k6_progress","backend","11976","True","0","47.082","56.676","12"
"2026-08-17T14:20:21.5917644Z","pre_spike_steady_4","4","4","k6_progress","k6","24360","True","0.199","62.113","90.242","19"
"2026-08-17T14:20:22.8859855Z","pre_spike_steady_4","4","4","k6_progress","backend","11976","True","0.101","47.094","56.676","12"
"2026-08-17T14:20:22.8859855Z","pre_spike_steady_4","4","4","k6_progress","k6","24360","True","0","62.438","90.797","19"
"2026-08-17T14:20:24.1785469Z","pre_spike_steady_4","4","4","k6_progress","backend","11976","True","0.201","47.348","56.93","12"
"2026-08-17T14:20:24.1785469Z","pre_spike_steady_4","4","4","k6_progress","k6","24360","True","0","62.926","91.398","19"
"2026-08-17T14:20:25.4678315Z","pre_spike_steady_4","4","4","k6_progress","backend","11976","True","0.101","47.605","57.188","12"
"2026-08-17T14:20:25.4678315Z","pre_spike_steady_4","4","4","k6_progress","k6","24360","True","0","63.57","92.137","19"
"2026-08-17T14:20:26.7669967Z","pre_spike_steady_4","4","4","k6_progress","backend","11976","True","0","47.605","57.188","12"
"2026-08-17T14:20:26.7669967Z","pre_spike_steady_4","4","4","k6_progress","k6","24360","True","0","63.965","92.691","19"
"2026-08-17T14:20:28.0642351Z","pre_spike_steady_4","4","4","k6_progress","backend","11976","True","0","47.605","57.188","12"
"2026-08-17T14:20:28.0642351Z","pre_spike_steady_4","4","4","k6_progress","k6","24360","True","0.301","64.461","93.262","19"
"2026-08-17T14:20:29.3584647Z","pre_spike_steady_4","4","4","k6_progress","backend","11976","True","0.201","47.727","57.191","12"
"2026-08-17T14:20:29.3584647Z","pre_spike_steady_4","4","4","k6_progress","k6","24360","True","0.402","65.156","93.953","19"
"2026-08-17T14:20:30.6659682Z","pre_spike_steady_4","4","4","k6_progress","backend","11976","True","0","47.914","57.449","12"
"2026-08-17T14:20:30.6659682Z","pre_spike_steady_4","4","4","k6_progress","k6","24360","True","0","65.297","94.086","19"
"2026-08-17T14:20:31.9611386Z","pre_spike_steady_4","4","4","k6_progress","backend","11976","True","0","47.914","57.449","12"
"2026-08-17T14:20:31.9611386Z","pre_spike_steady_4","4","4","k6_progress","k6","24360","True","0","65.453","94.242","19"
"2026-08-17T14:20:33.2542190Z","pre_spike_steady_4","4","4","k6_progress","backend","11976","True","0","47.938","57.449","12"
"2026-08-17T14:20:33.2542190Z","pre_spike_steady_4","4","4","k6_progress","k6","24360","True","0.201","65.461","94.242","19"
"2026-08-17T14:20:34.5628839Z","pre_spike_steady_4","4","4","k6_progress","backend","11976","True","0","47.941","57.449","12"
"2026-08-17T14:20:34.5628839Z","pre_spike_steady_4","4","4","k6_progress","k6","24360","True","0","65.469","94.242","19"
"2026-08-17T14:20:35.8699949Z","pre_spike_steady_4","4","4","k6_progress","backend","11976","True","0","47.941","57.449","12"
"2026-08-17T14:20:35.8699949Z","pre_spike_steady_4","4","4","k6_progress","k6","24360","True","0.1","65.496","94.242","19"
"2026-08-17T14:20:37.1619022Z","pre_spike_steady_4","4","4","k6_progress","backend","11976","True","0","47.941","57.449","12"
"2026-08-17T14:20:37.1619022Z","pre_spike_steady_4","4","4","k6_progress","k6","24360","True","0.101","65.516","94.242","19"
"2026-08-17T14:20:38.4531004Z","pre_spike_steady_4","4","4","k6_progress","backend","11976","True","0.101","48.074","57.449","12"
"2026-08-17T14:20:38.4531004Z","pre_spike_steady_4","4","4","k6_progress","k6","24360","True","0","65.523","94.242","19"
"2026-08-17T14:20:39.7462826Z","pre_spike_steady_4","4","4","k6_progress","backend","11976","True","0.101","48.109","57.707","12"
"2026-08-17T14:20:39.7462826Z","pre_spike_steady_4","4","4","k6_progress","k6","24360","True","0","65.672","94.305","21"
"2026-08-17T14:20:41.0525255Z","pre_spike_steady_4","4","4","k6_progress","backend","11976","True","0","48.34","57.707","12"
"2026-08-17T14:20:41.0525255Z","pre_spike_steady_4","4","4","k6_progress","k6","24360","True","0","65.953","94.305","21"
"2026-08-17T14:20:42.3619587Z","pre_spike_steady_4","4","4","k6_progress","backend","11976","True","0","48.34","57.707","12"
"2026-08-17T14:20:42.3619587Z","pre_spike_steady_4","4","4","k6_progress","k6","24360","True","0","66.25","94.305","21"
"2026-08-17T14:20:43.6552210Z","pre_spike_steady_4","4","4","k6_progress","backend","11976","True","0.101","48.344","57.707","12"
"2026-08-17T14:20:43.6552210Z","pre_spike_steady_4","4","4","k6_progress","k6","24360","True","0","66.461","94.305","21"
"2026-08-17T14:20:44.9671802Z","pre_spike_steady_4","4","4","k6_progress","backend","11976","True","0","48.562","58.227","12"
"2026-08-17T14:20:44.9671802Z","pre_spike_steady_4","4","4","k6_progress","k6","24360","True","0.198","66.582","94.305","21"
"2026-08-17T14:20:46.2608269Z","pre_spike_steady_4","4","4","k6_progress","backend","11976","True","0","48.562","58.227","12"
"2026-08-17T14:20:46.2608269Z","pre_spike_steady_4","4","4","k6_progress","k6","24360","True","0","66.598","94.305","21"
"2026-08-17T14:20:47.5523159Z","pre_spike_steady_4","4","4","k6_progress","backend","11976","True","0.101","48.57","58.227","12"
"2026-08-17T14:20:47.5523159Z","pre_spike_steady_4","4","4","k6_progress","k6","24360","True","0","66.758","94.305","21"
"2026-08-17T14:20:48.8422906Z","pre_spike_steady_4","4","4","k6_progress","backend","11976","True","0","48.574","58.227","12"
"2026-08-17T14:20:48.8422906Z","pre_spike_steady_4","4","4","k6_progress","k6","24360","True","0","66.941","94.312","21"
"2026-08-17T14:20:50.1362462Z","pre_spike_steady_4","4","4","k6_progress","backend","11976","True","0","48.586","58.227","12"
"2026-08-17T14:20:50.1362462Z","pre_spike_steady_4","4","4","k6_progress","k6","24360","True","0.403","67.047","94.312","21"
"2026-08-17T14:20:51.4340188Z","pre_spike_steady_4","4","4","k6_progress","backend","11976","True","0","48.789","58.227","12"
"2026-08-17T14:20:51.4340188Z","pre_spike_steady_4","4","4","k6_progress","k6","24360","True","0","67.078","94.312","21"
"2026-08-17T14:20:52.7371875Z","pre_spike_steady_4","4","4","k6_progress","backend","11976","True","0","48.789","58.227","12"
"2026-08-17T14:20:52.7371875Z","pre_spike_steady_4","4","4","k6_progress","k6","24360","True","0.1","67.078","94.312","21"
"2026-08-17T14:20:54.0422524Z","pre_spike_steady_4","4","4","k6_progress","backend","11976","True","0.1","48.789","58.227","12"
"2026-08-17T14:20:54.0422524Z","pre_spike_steady_4","4","4","k6_progress","k6","24360","True","0.1","67.082","94.312","21"
"2026-08-17T14:20:55.3322496Z","pre_spike_steady_4","4","4","k6_progress","backend","11976","True","0","48.977","58.484","12"
"2026-08-17T14:20:55.3322496Z","pre_spike_steady_4","4","4","k6_progress","k6","24360","True","0","67.086","94.312","21"
"2026-08-17T14:20:56.6250627Z","pre_spike_steady_4","4","4","k6_progress","backend","11976","True","0","48.977","58.484","12"
"2026-08-17T14:20:56.6250627Z","pre_spike_steady_4","4","4","k6_progress","k6","24360","True","0","67.09","94.312","21"
"2026-08-17T14:20:57.9206605Z","spike_transition_4_to_32","32","4","k6_progress","backend","11976","True","0.101","48.977","58.484","12"
"2026-08-17T14:20:57.9206605Z","spike_transition_4_to_32","32","4","k6_progress","k6","24360","True","0.101","67.102","94.312","21"
"2026-08-17T14:20:59.2128851Z","spike_peak_32","32","4","k6_progress","backend","11976","True","0","48.977","58.484","12"
"2026-08-17T14:20:59.2128851Z","spike_peak_32","32","4","k6_progress","k6","24360","True","0.202","67.102","94.312","21"
"2026-08-17T14:21:00.5210802Z","spike_peak_32","32","4","k6_progress","backend","11976","True","0.1","49.227","58.742","12"
"2026-08-17T14:21:00.5210802Z","spike_peak_32","32","4","k6_progress","k6","24360","True","0","67.102","94.312","21"
"2026-08-17T14:21:01.8326068Z","spike_peak_32","32","4","k6_progress","backend","11976","True","0.099","49.309","58.742","12"
"2026-08-17T14:21:01.8326068Z","spike_peak_32","32","4","k6_progress","k6","24360","True","0","67.102","94.312","21"
"2026-08-17T14:21:03.1577176Z","spike_peak_32","32","4","k6_progress","backend","11976","True","0.098","49.309","58.742","12"
"2026-08-17T14:21:03.1577176Z","spike_peak_32","32","4","k6_progress","k6","24360","True","0.098","67.102","94.312","21"
"2026-08-17T14:21:04.4659775Z","spike_peak_32","32","4","k6_progress","backend","11976","True","0.299","49.461","58.742","12"
"2026-08-17T14:21:04.4659775Z","spike_peak_32","32","4","k6_progress","k6","24360","True","0","67.137","94.312","21"
"2026-08-17T14:21:05.7610000Z","spike_peak_32","32","4","k6_progress","backend","11976","True","0.201","49.461","58.742","12"
"2026-08-17T14:21:05.7610000Z","spike_peak_32","32","4","k6_progress","k6","24360","True","0.101","67.137","94.312","21"
"2026-08-17T14:21:07.0692675Z","spike_peak_32","32","4","k6_progress","backend","11976","True","0.1","49.461","58.742","12"
"2026-08-17T14:21:07.0692675Z","spike_peak_32","32","4","k6_progress","k6","24360","True","0.398","67.191","94.312","21"
"2026-08-17T14:21:08.3789090Z","spike_peak_32","32","4","k6_progress","backend","11976","True","0.099","49.656","59.004","12"
"2026-08-17T14:21:08.3789090Z","spike_peak_32","32","4","k6_progress","k6","24360","True","0","67.191","94.312","21"
"2026-08-17T14:21:09.6708545Z","spike_peak_32","32","4","k6_progress","backend","11976","True","0.605","50.141","59.523","12"
"2026-08-17T14:21:09.6708545Z","spike_peak_32","32","4","k6_progress","k6","24360","True","0.403","67.254","94.219","18"
"2026-08-17T14:21:10.9811164Z","spike_peak_32","32","32","k6_progress","backend","11976","True","0.894","51.105","60.395","12"
"2026-08-17T14:21:10.9811164Z","spike_peak_32","32","32","k6_progress","k6","24360","True","0.497","67.289","94.219","18"
"2026-08-17T14:21:12.2731637Z","spike_peak_32","32","32","k6_progress","backend","11976","True","0.504","52.145","63.234","12"
"2026-08-17T14:21:12.2731637Z","spike_peak_32","32","32","k6_progress","k6","24360","True","0.605","67.312","94.219","18"
"2026-08-17T14:21:13.5663981Z","spike_peak_32","32","32","k6_progress","backend","11976","True","0","52.207","63.234","12"
"2026-08-17T14:21:13.5663981Z","spike_peak_32","32","32","k6_progress","k6","24360","True","0.101","67.32","94.219","18"
"2026-08-17T14:21:14.8559897Z","spike_peak_32","32","32","k6_progress","backend","11976","True","1.01","53.941","63.754","12"
"2026-08-17T14:21:14.8559897Z","spike_peak_32","32","32","k6_progress","k6","24360","True","0.303","67.348","94.219","18"
"2026-08-17T14:21:16.1611066Z","spike_peak_32","32","32","k6_progress","backend","11976","True","0.798","54.98","64.699","13"
"2026-08-17T14:21:16.1611066Z","spike_peak_32","32","32","k6_progress","k6","24360","True","0.299","67.695","94.648","18"
"2026-08-17T14:21:17.4537347Z","spike_peak_32","32","32","k6_progress","backend","11976","True","0.302","55.051","64.699","13"
"2026-08-17T14:21:17.4537347Z","spike_peak_32","32","32","k6_progress","k6","24360","True","0.302","67.766","94.703","18"
"2026-08-17T14:21:18.7609607Z","spike_peak_32","32","32","k6_progress","backend","11976","True","0.398","55.52","69.086","13"
"2026-08-17T14:21:18.7609607Z","spike_peak_32","32","32","k6_progress","k6","24360","True","0.1","67.781","94.703","18"
"2026-08-17T14:21:20.0574943Z","spike_peak_32","32","32","k6_progress","backend","11976","True","0.201","55.531","69.086","13"
"2026-08-17T14:21:20.0574943Z","spike_peak_32","32","32","k6_progress","k6","24360","True","0.201","67.789","94.703","18"
"2026-08-17T14:21:21.3705108Z","spike_peak_32","32","32","k6_progress","backend","11976","True","0.793","56.383","70.105","13"
"2026-08-17T14:21:21.3705108Z","spike_peak_32","32","32","k6_progress","k6","24360","True","0.099","68.195","95.047","18"
"2026-08-17T14:21:22.6641523Z","spike_peak_32","32","32","k6_progress","backend","11976","True","1.308","57.691","70.219","13"
"2026-08-17T14:21:22.6641523Z","spike_peak_32","32","32","k6_progress","k6","24360","True","0.604","68.328","95.172","18"
"2026-08-17T14:21:23.9768037Z","spike_peak_32","32","32","k6_progress","backend","11976","True","1.091","57.691","70.219","13"
"2026-08-17T14:21:23.9768037Z","spike_peak_32","32","32","k6_progress","k6","24360","True","0.595","68.363","95.18","18"
"2026-08-17T14:21:25.2841704Z","spike_peak_32","32","32","k6_progress","backend","11976","True","1.096","57.32","69.527","13"
"2026-08-17T14:21:25.2841704Z","spike_peak_32","32","32","k6_progress","k6","24360","True","0.199","69.906","96.809","18"
"2026-08-17T14:21:26.5785094Z","spike_peak_32","32","32","k6_progress","backend","11976","True","0.704","57.32","69.527","13"
"2026-08-17T14:21:26.5785094Z","spike_peak_32","32","32","k6_progress","k6","24360","True","0.201","71.754","98.969","18"
"2026-08-17T14:21:27.8861727Z","spike_peak_32","32","32","k6_progress","backend","11976","True","0.498","57.598","69.652","13"
"2026-08-17T14:21:27.8861727Z","spike_peak_32","32","32","k6_progress","k6","24360","True","0.1","72.133","99.352","18"
"2026-08-17T14:21:29.1966835Z","spike_peak_32","32","32","k6_progress","backend","11976","True","0.695","57.473","69.895","13"
"2026-08-17T14:21:29.1966835Z","spike_peak_32","32","32","k6_progress","k6","24360","True","0.199","72.141","99.352","18"
"2026-08-17T14:21:30.5060287Z","spike_peak_32","32","32","k6_progress","backend","11976","True","0.696","58.637","69.844","13"
"2026-08-17T14:21:30.5060287Z","spike_peak_32","32","32","k6_progress","k6","24360","True","0.099","72.238","99.352","18"
"2026-08-17T14:21:31.8000691Z","spike_peak_32","32","32","k6_progress","backend","11976","True","0.201","58.637","69.844","13"
"2026-08-17T14:21:31.8000691Z","spike_peak_32","32","32","k6_progress","k6","24360","True","0.101","72.469","99.578","18"
"2026-08-17T14:21:33.0883645Z","spike_peak_32","32","32","k6_progress","backend","11976","True","0.101","58.703","70.676","13"
"2026-08-17T14:21:33.0883645Z","spike_peak_32","32","32","k6_progress","k6","24360","True","0.404","72.574","99.578","18"
"2026-08-17T14:21:34.3936443Z","spike_peak_32","32","32","k6_progress","backend","11976","True","0.399","58.938","70.688","13"
"2026-08-17T14:21:34.3936443Z","spike_peak_32","32","32","k6_progress","k6","24360","True","0.698","72.582","99.578","18"
"2026-08-17T14:21:35.6977155Z","spike_peak_32","32","32","k6_progress","backend","11976","True","1.098","59.02","69.906","13"
"2026-08-17T14:21:35.6977155Z","spike_peak_32","32","32","k6_progress","k6","24360","True","0.3","72.602","99.578","18"
"2026-08-17T14:21:37.0047832Z","spike_peak_32","32","32","k6_progress","backend","11976","True","1.096","59.609","69.844","13"
"2026-08-17T14:21:37.0047832Z","spike_peak_32","32","32","k6_progress","k6","24360","True","0.199","72.609","99.578","18"
"2026-08-17T14:21:38.3140164Z","spike_peak_32","32","32","k6_progress","backend","11976","True","0.895","59.781","70.699","13"
"2026-08-17T14:21:38.3140164Z","spike_peak_32","32","32","k6_progress","k6","24360","True","0.995","72.926","99.734","18"
"2026-08-17T14:21:39.6064735Z","spike_peak_32","32","32","k6_progress","backend","11976","True","1.41","60.457","71.215","13"
"2026-08-17T14:21:39.6064735Z","spike_peak_32","32","32","k6_progress","k6","24360","True","0.403","72.93","99.734","18"
"2026-08-17T14:21:40.8960495Z","spike_peak_32","32","32","k6_progress","backend","11976","True","0.303","60.305","70.383","13"
"2026-08-17T14:21:40.8960495Z","spike_peak_32","32","32","k6_progress","k6","24360","True","0.101","72.957","99.734","18"
"2026-08-17T14:21:42.2027207Z","spike_peak_32","32","32","k6_progress","backend","11976","True","0.399","60.352","70.398","13"
"2026-08-17T14:21:42.2027207Z","spike_peak_32","32","32","k6_progress","k6","24360","True","0.299","72.969","99.734","18"
"2026-08-17T14:21:43.5158651Z","spike_peak_32","32","32","k6_progress","backend","11976","True","0.496","60.352","70.398","13"
"2026-08-17T14:21:43.5158651Z","spike_peak_32","32","32","k6_progress","k6","24360","True","0.198","72.988","99.734","18"
"2026-08-17T14:21:44.8107534Z","recovery_settling_4","4","32","k6_progress","backend","11976","True","0.402","60.258","75.98","13"
"2026-08-17T14:21:44.8107534Z","recovery_settling_4","4","32","k6_progress","k6","24360","True","0.302","73.031","99.766","18"
"2026-08-17T14:21:46.1023150Z","recovery_settling_4","4","32","k6_progress","backend","11976","True","0.202","60.473","77.508","13"
"2026-08-17T14:21:46.1023150Z","recovery_settling_4","4","32","k6_progress","k6","24360","True","0","73.031","99.766","18"
"2026-08-17T14:21:47.3958553Z","recovery_settling_4","4","32","k6_progress","backend","11976","True","0.403","60.469","76.723","13"
"2026-08-17T14:21:47.3958553Z","recovery_settling_4","4","32","k6_progress","k6","24360","True","0.403","73.031","99.766","18"
"2026-08-17T14:21:48.7018993Z","recovery_settling_4","4","32","k6_progress","backend","11976","True","0.498","61.043","76.715","13"
"2026-08-17T14:21:48.7018993Z","recovery_settling_4","4","32","k6_progress","k6","24360","True","0.299","73.043","99.766","18"
"2026-08-17T14:21:50.0040086Z","recovery_settling_4","4","32","k6_progress","backend","11976","True","0.9","62.926","77.562","13"
"2026-08-17T14:21:50.0040086Z","recovery_settling_4","4","32","k6_progress","k6","24360","True","0.6","73.047","99.766","18"
"2026-08-17T14:21:51.3101720Z","recovery_settling_4","4","32","k6_progress","backend","11976","True","0.498","62.633","76.211","13"
"2026-08-17T14:21:51.3101720Z","recovery_settling_4","4","32","k6_progress","k6","24360","True","1.495","73.188","99.898","18"
"2026-08-17T14:21:52.5992188Z","recovery_settling_4","4","32","k6_progress","backend","11976","True","0.808","63.543","76.238","13"
"2026-08-17T14:21:52.5992188Z","recovery_settling_4","4","32","k6_progress","k6","24360","True","0.202","73.188","99.898","18"
"2026-08-17T14:21:53.9070057Z","recovery_settling_4","4","32","k6_progress","backend","11976","True","1.095","64.367","76.246","13"
"2026-08-17T14:21:53.9070057Z","recovery_settling_4","4","32","k6_progress","k6","24360","True","0.299","73.207","99.898","18"
"2026-08-17T14:21:55.2147405Z","recovery_settling_4","4","32","k6_progress","backend","11976","True","0.398","64.367","76.246","13"
"2026-08-17T14:21:55.2147405Z","recovery_settling_4","4","32","k6_progress","k6","24360","True","0.398","73.207","99.898","18"
"2026-08-17T14:21:56.5194685Z","recovery_settling_4","4","32","k6_progress","backend","11976","True","0.299","64.52","76.652","13"
"2026-08-17T14:21:56.5194685Z","recovery_settling_4","4","32","k6_progress","k6","24360","True","0","73.242","99.898","18"
"2026-08-17T14:21:57.8158953Z","recovery_settling_4","4","32","k6_progress","backend","11976","True","0.201","64.52","76.652","13"
"2026-08-17T14:21:57.8158953Z","recovery_settling_4","4","32","k6_progress","k6","24360","True","0.1","73.242","99.898","18"
"2026-08-17T14:21:59.1079287Z","recovery_settling_4","4","32","k6_progress","backend","11976","True","0.705","64.332","76.203","13"
"2026-08-17T14:21:59.1079287Z","recovery_settling_4","4","32","k6_progress","k6","24360","True","0.101","73.25","99.898","18"
"2026-08-17T14:22:00.4101413Z","recovery_settling_4","4","30","k6_progress","backend","11976","True","0.1","64.383","76.609","13"
"2026-08-17T14:22:00.4101413Z","recovery_settling_4","4","30","k6_progress","k6","24360","True","0.1","73.25","99.898","18"
"2026-08-17T14:22:01.7046332Z","recovery_settling_4","4","26","k6_progress","backend","11976","True","0.201","64.398","76.621","13"
"2026-08-17T14:22:01.7046332Z","recovery_settling_4","4","26","k6_progress","k6","24360","True","0","73.25","99.898","18"
"2026-08-17T14:22:03.0088693Z","recovery_settling_4","4","20","k6_progress","backend","11976","True","0.399","64.301","76.445","13"
"2026-08-17T14:22:03.0088693Z","recovery_settling_4","4","20","k6_progress","k6","24360","True","0.3","73.262","99.898","18"
"2026-08-17T14:22:04.3169319Z","recovery_settling_4","4","17","k6_progress","backend","11976","True","0.398","64.211","75.996","13"
"2026-08-17T14:22:04.3169319Z","recovery_settling_4","4","17","k6_progress","k6","24360","True","0.199","73.496","100.141","18"
"2026-08-17T14:22:05.6158131Z","recovery_settling_4","4","10","k6_progress","backend","11976","True","0.301","64.219","76.004","13"
"2026-08-17T14:22:05.6158131Z","recovery_settling_4","4","10","k6_progress","k6","24360","True","0.2","73.547","100.258","18"
"2026-08-17T14:22:06.9059059Z","recovery_settling_4","4","5","k6_progress","backend","11976","True","0.101","64.23","76.012","13"
"2026-08-17T14:22:06.9059059Z","recovery_settling_4","4","5","k6_progress","k6","24360","True","0","73.594","100.383","18"
"2026-08-17T14:22:08.2145157Z","recovery_settling_4","4","5","k6_progress","backend","11976","True","0","64.238","76.012","13"
"2026-08-17T14:22:08.2145157Z","recovery_settling_4","4","5","k6_progress","k6","24360","True","0.1","73.648","100.43","18"
"2026-08-17T14:22:09.5149623Z","recovery_settling_4","4","4","k6_progress","backend","11976","True","0","64.238","76.012","13"
"2026-08-17T14:22:09.5149623Z","recovery_settling_4","4","4","k6_progress","k6","24360","True","0","73.648","100.43","18"
"2026-08-17T14:22:10.8119862Z","recovery_settling_4","4","4","k6_progress","backend","11976","True","0.1","64.238","76.012","13"
"2026-08-17T14:22:10.8119862Z","recovery_settling_4","4","4","k6_progress","k6","24360","True","0","73.648","100.43","18"
"2026-08-17T14:22:12.1019479Z","recovery_settling_4","4","4","k6_progress","backend","11976","True","0.101","64.238","76.012","13"
"2026-08-17T14:22:12.1019479Z","recovery_settling_4","4","4","k6_progress","k6","24360","True","0.101","73.656","100.43","18"
"2026-08-17T14:22:13.3961762Z","recovery_settling_4","4","4","k6_progress","backend","11976","True","0.201","64.242","76.016","13"
"2026-08-17T14:22:13.3961762Z","recovery_settling_4","4","4","k6_progress","k6","24360","True","0","73.656","100.43","18"
"2026-08-17T14:22:14.6961465Z","recovery_steady_4","4","4","k6_progress","backend","11976","True","0","64.242","76.016","13"
"2026-08-17T14:22:14.6961465Z","recovery_steady_4","4","4","k6_progress","k6","24360","True","0","73.656","100.43","18"
"2026-08-17T14:22:15.9926849Z","recovery_steady_4","4","4","k6_progress","backend","11976","True","0","64.352","76.113","13"
"2026-08-17T14:22:15.9926849Z","recovery_steady_4","4","4","k6_progress","k6","24360","True","0.1","73.664","100.43","18"
"2026-08-17T14:22:17.2843495Z","recovery_steady_4","4","4","k6_progress","backend","11976","True","0.101","64.352","76.113","13"
"2026-08-17T14:22:17.2843495Z","recovery_steady_4","4","4","k6_progress","k6","24360","True","0","73.668","100.43","18"
"2026-08-17T14:22:18.5750836Z","recovery_steady_4","4","4","k6_progress","backend","11976","True","0","64.352","76.113","13"
"2026-08-17T14:22:18.5750836Z","recovery_steady_4","4","4","k6_progress","k6","24360","True","0","73.672","100.43","18"
"2026-08-17T14:22:19.8640582Z","recovery_steady_4","4","4","k6_progress","backend","11976","True","0","64.352","76.113","13"
"2026-08-17T14:22:19.8640582Z","recovery_steady_4","4","4","k6_progress","k6","24360","True","0.101","73.672","100.43","18"
"2026-08-17T14:22:21.1776570Z","recovery_steady_4","4","4","k6_progress","backend","11976","True","0.099","64.664","77.008","13"
"2026-08-17T14:22:21.1776570Z","recovery_steady_4","4","4","k6_progress","k6","24360","True","0.198","73.676","100.43","18"
"2026-08-17T14:22:22.4732450Z","recovery_steady_4","4","4","k6_progress","backend","11976","True","0","64.266","76.363","13"
"2026-08-17T14:22:22.4732450Z","recovery_steady_4","4","4","k6_progress","k6","24360","True","0","73.688","100.43","18"
"2026-08-17T14:22:23.7650560Z","recovery_steady_4","4","4","k6_progress","backend","11976","True","0.202","64.266","76.363","13"
"2026-08-17T14:22:23.7650560Z","recovery_steady_4","4","4","k6_progress","k6","24360","True","0.101","73.668","100.367","16"
"2026-08-17T14:22:25.0637732Z","recovery_steady_4","4","4","k6_progress","backend","11976","True","0.1","64.266","76.363","13"
"2026-08-17T14:22:25.0637732Z","recovery_steady_4","4","4","k6_progress","k6","24360","True","0","74.07","100.789","16"
"2026-08-17T14:22:26.3561781Z","recovery_steady_4","4","4","k6_progress","backend","11976","True","0","64.266","76.363","13"
"2026-08-17T14:22:26.3561781Z","recovery_steady_4","4","4","k6_progress","k6","24360","True","0.101","74.426","101.348","16"
"2026-08-17T14:22:27.6451351Z","recovery_steady_4","4","4","k6_progress","backend","11976","True","0","64.266","76.391","13"
"2026-08-17T14:22:27.6451351Z","recovery_steady_4","4","4","k6_progress","k6","24360","True","0.101","74.602","101.777","16"
"2026-08-17T14:22:28.9332912Z","recovery_steady_4","4","4","k6_progress","backend","11976","True","0.101","64.266","76.391","13"
"2026-08-17T14:22:28.9332912Z","recovery_steady_4","4","4","k6_progress","k6","24360","True","0.202","74.984","102.18","16"
"2026-08-17T14:22:30.2250211Z","recovery_steady_4","4","4","k6_progress","backend","11976","True","0.101","64.266","76.391","13"
"2026-08-17T14:22:30.2250211Z","recovery_steady_4","4","4","k6_progress","k6","24360","True","0","75.051","102.25","16"
"2026-08-17T14:22:31.5172370Z","recovery_steady_4","4","4","k6_progress","backend","11976","True","0","64.266","76.391","13"
"2026-08-17T14:22:31.5172370Z","recovery_steady_4","4","4","k6_progress","k6","24360","True","0","75.051","102.25","16"
"2026-08-17T14:22:32.8137142Z","recovery_steady_4","4","4","k6_progress","backend","11976","True","0.201","64.277","76.402","13"
"2026-08-17T14:22:32.8137142Z","recovery_steady_4","4","4","k6_progress","k6","24360","True","0.201","75.102","102.297","16"
"2026-08-17T14:22:34.1049271Z","recovery_steady_4","4","4","k6_progress","backend","11976","True","0.101","64.277","76.402","13"
"2026-08-17T14:22:34.1049271Z","recovery_steady_4","4","4","k6_progress","k6","24360","True","0.202","75.141","102.328","16"
"2026-08-17T14:22:35.4097192Z","recovery_steady_4","4","4","k6_progress","backend","11976","True","0","64.277","76.402","13"
"2026-08-17T14:22:35.4097192Z","recovery_steady_4","4","4","k6_progress","k6","24360","True","0.1","75.141","102.328","16"
"2026-08-17T14:22:36.7231031Z","recovery_steady_4","4","4","k6_progress","backend","11976","True","0.099","64.277","76.402","13"
"2026-08-17T14:22:36.7231031Z","recovery_steady_4","4","4","k6_progress","k6","24360","True","0","75.152","102.336","16"
"2026-08-17T14:22:38.0316574Z","recovery_steady_4","4","4","k6_progress","backend","11976","True","0","64.277","76.402","13"
"2026-08-17T14:22:38.0316574Z","recovery_steady_4","4","4","k6_progress","k6","24360","True","0.1","75.152","102.336","16"
"2026-08-17T14:22:39.3201355Z","recovery_steady_4","4","4","k6_progress","backend","11976","True","0.202","64.305","76.09","13"
"2026-08-17T14:22:39.3201355Z","recovery_steady_4","4","4","k6_progress","k6","24360","True","0","75.152","102.336","16"
"2026-08-17T14:22:40.6107466Z","recovery_steady_4","4","4","k6_progress","backend","11976","True","0","64.305","76.09","13"
"2026-08-17T14:22:40.6107466Z","recovery_steady_4","4","4","k6_progress","k6","24360","True","0","75.152","102.336","16"
"2026-08-17T14:22:41.9057217Z","recovery_steady_4","4","4","k6_progress","backend","11976","True","0","64.305","76.09","13"
"2026-08-17T14:22:41.9057217Z","recovery_steady_4","4","4","k6_progress","k6","24360","True","0","75.152","102.336","16"
"2026-08-17T14:22:43.2119076Z","recovery_steady_4","4","4","k6_progress","backend","11976","True","0.299","64.402","76.246","13"
"2026-08-17T14:22:43.2119076Z","recovery_steady_4","4","4","k6_progress","k6","24360","True","0","75.164","102.336","16"
"2026-08-17T14:22:44.5052425Z","recovery_steady_4","4","4","k6_progress","backend","11976","True","0","64.402","76.246","13"
"2026-08-17T14:22:44.5052425Z","recovery_steady_4","4","4","k6_progress","k6","24360","True","0","75.164","102.336","16"
"2026-08-17T14:22:45.8008598Z","recovery_steady_4","4","4","k6_progress","backend","11976","True","0.1","64.402","76.246","13"
"2026-08-17T14:22:45.8008598Z","recovery_steady_4","4","4","k6_progress","k6","24360","True","0","75.164","102.336","16"
"2026-08-17T14:22:47.0907704Z","recovery_steady_4","4","4","k6_progress","backend","11976","True","0","64.402","76.246","13"
"2026-08-17T14:22:47.0907704Z","recovery_steady_4","4","4","k6_progress","k6","24360","True","0","75.164","102.336","16"
"2026-08-17T14:22:48.3865145Z","recovery_steady_4","4","4","k6_progress","backend","11976","True","0","64.402","76.246","13"
"2026-08-17T14:22:48.3865145Z","recovery_steady_4","4","4","k6_progress","k6","24360","True","0","75.172","102.336","16"
"2026-08-17T14:22:49.6819814Z","recovery_steady_4","4","4","k6_progress","backend","11976","True","0","64.402","76.246","13"
"2026-08-17T14:22:49.6819814Z","recovery_steady_4","4","4","k6_progress","k6","24360","True","0.101","75.176","102.336","16"
"2026-08-17T14:22:50.9820249Z","recovery_steady_4","4","4","k6_progress","backend","11976","True","0.1","64.535","76.449","13"
"2026-08-17T14:22:50.9820249Z","recovery_steady_4","4","4","k6_progress","k6","24360","True","0","75.176","102.336","16"
"2026-08-17T14:22:52.2777218Z","recovery_steady_4","4","4","k6_progress","backend","11976","True","0","64.555","76.461","13"
"2026-08-17T14:22:52.2777218Z","recovery_steady_4","4","4","k6_progress","k6","24360","True","0","75.176","102.336","16"
"2026-08-17T14:22:53.5696534Z","recovery_steady_4","4","4","k6_progress","backend","11976","True","0.101","64.555","76.461","13"
"2026-08-17T14:22:53.5696534Z","recovery_steady_4","4","4","k6_progress","k6","24360","True","0","75.176","102.336","16"
"2026-08-17T14:22:54.8640642Z","recovery_steady_4","4","4","k6_progress","backend","11976","True","0","64.555","76.461","13"
"2026-08-17T14:22:54.8640642Z","recovery_steady_4","4","4","k6_progress","k6","24360","True","0","75.188","102.336","16"
"2026-08-17T14:22:56.1583809Z","recovery_steady_4","4","4","k6_progress","backend","11976","True","0","64.555","76.461","13"
"2026-08-17T14:22:56.1583809Z","recovery_steady_4","4","4","k6_progress","k6","24360","True","0.201","75.188","102.336","16"
"2026-08-17T14:22:57.4514968Z","recovery_steady_4","4","4","k6_progress","backend","11976","True","0","64.555","76.461","13"
"2026-08-17T14:22:57.4514968Z","recovery_steady_4","4","4","k6_progress","k6","24360","True","0","75.191","102.336","16"
"2026-08-17T14:22:58.7475493Z","recovery_steady_4","4","4","k6_progress","backend","11976","True","0","64.555","76.461","13"
"2026-08-17T14:22:58.7475493Z","recovery_steady_4","4","4","k6_progress","k6","24360","True","0","75.191","102.336","16"
"2026-08-17T14:23:00.0456429Z","recovery_steady_4","4","4","k6_progress","backend","11976","True","0.201","64.555","76.461","13"
"2026-08-17T14:23:00.0456429Z","recovery_steady_4","4","4","k6_progress","k6","24360","True","0","75.191","102.336","16"
"2026-08-17T14:23:01.3434647Z","recovery_steady_4","4","4","k6_progress","backend","11976","True","0","64.555","76.461","13"
"2026-08-17T14:23:01.3434647Z","recovery_steady_4","4","4","k6_progress","k6","24360","True","0","75.191","102.336","16"
"2026-08-17T14:23:02.6327931Z","recovery_steady_4","4","4","k6_progress","backend","11976","True","0","64.555","76.461","13"
"2026-08-17T14:23:02.6327931Z","recovery_steady_4","4","4","k6_progress","k6","24360","True","0.202","75.191","102.336","16"
"2026-08-17T14:23:03.9291877Z","recovery_steady_4","4","4","k6_progress","backend","11976","True","0.201","64.555","76.461","13"
"2026-08-17T14:23:03.9291877Z","recovery_steady_4","4","4","k6_progress","k6","24360","True","0.1","75.191","102.336","16"
"2026-08-17T14:23:05.2227687Z","recovery_steady_4","4","4","k6_progress","backend","11976","True","0","64.555","76.461","13"
"2026-08-17T14:23:05.2227687Z","recovery_steady_4","4","4","k6_progress","k6","24360","True","0","75.191","102.336","16"
"2026-08-17T14:23:06.5164834Z","recovery_steady_4","4","4","k6_progress","backend","11976","True","0","64.555","76.461","13"
"2026-08-17T14:23:06.5164834Z","recovery_steady_4","4","4","k6_progress","k6","24360","True","0","75.191","102.336","16"
"2026-08-17T14:23:07.8109521Z","recovery_steady_4","4","4","k6_progress","backend","11976","True","0","64.555","76.461","13"
"2026-08-17T14:23:07.8109521Z","recovery_steady_4","4","4","k6_progress","k6","24360","True","0","75.191","102.336","16"
"2026-08-17T14:23:09.1053774Z","recovery_steady_4","4","4","k6_progress","backend","11976","True","0","64.555","76.461","13"
"2026-08-17T14:23:09.1053774Z","recovery_steady_4","4","4","k6_progress","k6","24360","True","0.101","75.191","102.336","16"
"2026-08-17T14:23:10.3965561Z","recovery_steady_4","4","4","k6_progress","backend","11976","True","0","64.535","76.426","13"
"2026-08-17T14:23:10.3965561Z","recovery_steady_4","4","4","k6_progress","k6","24360","True","0","75.191","102.336","16"
"2026-08-17T14:23:11.6884622Z","recovery_steady_4","4","4","k6_progress","backend","11976","True","0","64.535","76.426","13"
"2026-08-17T14:23:11.6884622Z","recovery_steady_4","4","4","k6_progress","k6","24360","True","0","75.191","102.336","16"
"2026-08-17T14:23:12.9809530Z","recovery_steady_4","4","4","k6_progress","backend","11976","True","0.101","64.32","76.086","13"
"2026-08-17T14:23:12.9809530Z","recovery_steady_4","4","4","k6_progress","k6","24360","True","0.101","75.199","102.336","16"
"2026-08-17T14:23:14.2717618Z","recovery_steady_4","4","4","k6_progress","backend","11976","True","0","64.324","76.09","13"
"2026-08-17T14:23:14.2717618Z","recovery_steady_4","4","4","k6_progress","k6","24360","True","0.202","75.199","102.336","16"
"2026-08-17T14:23:15.5629934Z","final_rampdown_4_to_0","0","4","k6_progress","backend","11976","True","0","64.324","76.09","13"
"2026-08-17T14:23:15.5629934Z","final_rampdown_4_to_0","0","4","k6_progress","k6","24360","True","0","75.199","102.336","16"
"2026-08-17T14:23:16.8580494Z","final_rampdown_4_to_0","0","4","k6_progress","backend","11976","True","0","64.496","76.453","13"
"2026-08-17T14:23:16.8580494Z","final_rampdown_4_to_0","0","4","k6_progress","k6","24360","True","0","75.203","102.336","16"
"2026-08-17T14:23:18.1541848Z","final_rampdown_4_to_0","0","4","k6_progress","backend","11976","True","0.201","64.641","77.492","13"
"2026-08-17T14:23:18.1541848Z","final_rampdown_4_to_0","0","4","k6_progress","k6","24360","True","0.201","75.203","102.336","16"
"2026-08-17T14:23:19.4499792Z","final_rampdown_4_to_0","0","4","k6_progress","backend","11976","True","0","64.645","77.496","13"
"2026-08-17T14:23:19.4499792Z","final_rampdown_4_to_0","0","4","k6_progress","k6","24360","True","0","75.207","102.336","16"
"2026-08-17T14:23:20.7449882Z","final_rampdown_4_to_0","0","4","k6_progress","backend","11976","True","0.101","64.629","77.465","12"
"2026-08-17T14:23:20.7449882Z","final_rampdown_4_to_0","0","4","k6_progress","k6","24360","True","0","75.211","102.336","16"
"2026-08-17T14:23:22.0383681Z","final_rampdown_4_to_0","0","4","k6_progress","backend","11976","True","0","64.629","77.465","12"
"2026-08-17T14:23:22.0383681Z","final_rampdown_4_to_0","0","4","k6_progress","k6","24360","True","0","75.211","102.336","16"
"2026-08-17T14:23:23.3308592Z","final_rampdown_4_to_0","0","4","k6_progress","backend","11976","True","0.302","64.496","76.52","12"
"2026-08-17T14:23:23.3308592Z","final_rampdown_4_to_0","0","4","k6_progress","k6","24360","True","0.101","75.211","102.336","16"
"2026-08-17T14:23:24.6240861Z","final_rampdown_4_to_0","0","4","k6_progress","backend","11976","True","0.101","64.496","76.52","12"
"2026-08-17T14:23:24.6240861Z","final_rampdown_4_to_0","0","4","k6_progress","k6","24360","True","0","75.211","102.336","16"
"2026-08-17T14:23:25.9172559Z","final_rampdown_4_to_0","0","4","k6_progress","backend","11976","True","0.101","64.496","76.52","12"
"2026-08-17T14:23:25.9172559Z","final_rampdown_4_to_0","0","4","k6_progress","k6","24360","True","0","75.211","102.336","16"
"2026-08-17T14:23:27.2137598Z","final_rampdown_4_to_0","0","4","k6_progress","backend","11976","True","0","64.496","76.52","12"
"2026-08-17T14:23:27.2137598Z","final_rampdown_4_to_0","0","4","k6_progress","k6","24360","True","0.1","75.211","102.336","16"
"2026-08-17T14:23:28.5069660Z","final_rampdown_4_to_0","0","4","k6_progress","backend","11976","True","0","64.496","76.52","12"
"2026-08-17T14:23:28.5069660Z","final_rampdown_4_to_0","0","4","k6_progress","k6","24360","True","0","75.211","102.336","16"
"2026-08-17T14:23:29.8013298Z","final_rampdown_4_to_0","0","4","k6_progress","backend","11976","True","0","64.496","76.52","12"
"2026-08-17T14:23:29.8013298Z","final_rampdown_4_to_0","0","4","k6_progress","k6","24360","True","0.201","75.211","102.336","16"
"2026-08-17T14:23:31.0958752Z","final_rampdown_4_to_0","0","4","k6_progress","backend","11976","True","0.101","64.496","76.52","12"
"2026-08-17T14:23:31.0958752Z","final_rampdown_4_to_0","0","4","k6_progress","k6","24360","True","0","75.211","102.336","16"
"2026-08-17T14:23:32.3945188Z","final_rampdown_4_to_0","0","4","k6_progress","backend","11976","True","0","64.496","76.52","12"
"2026-08-17T14:23:32.3945188Z","final_rampdown_4_to_0","0","4","k6_progress","k6","24360","True","0","75.211","102.336","16"
"2026-08-17T14:23:33.6916700Z","final_rampdown_4_to_0","0","4","k6_progress","backend","11976","True","0.201","64.496","76.52","12"
"2026-08-17T14:23:33.6916700Z","final_rampdown_4_to_0","0","4","k6_progress","k6","24360","True","0","75.211","102.336","16"
"2026-08-17T14:23:34.9897930Z","final_rampdown_4_to_0","0","4","k6_progress","backend","11976","True","0","64.496","76.52","12"
"2026-08-17T14:23:34.9897930Z","final_rampdown_4_to_0","0","4","k6_progress","k6","24360","True","0.1","75.211","102.336","16"
"2026-08-17T14:23:36.2882170Z","final_rampdown_4_to_0","0","4","k6_progress","backend","11976","True","0","64.496","76.52","12"
"2026-08-17T14:23:36.2882170Z","final_rampdown_4_to_0","0","4","k6_progress","k6","24360","True","0.1","75.211","102.336","16"
"2026-08-17T14:23:37.5828733Z","final_rampdown_4_to_0","0","3","k6_progress","backend","11976","True","0","64.637","76.785","12"
"2026-08-17T14:23:37.5828733Z","final_rampdown_4_to_0","0","3","k6_progress","k6","24360","True","0.101","75.211","102.336","16"
"2026-08-17T14:23:38.8780101Z","final_rampdown_4_to_0","0","3","k6_progress","backend","11976","True","0","64.637","76.785","12"
"2026-08-17T14:23:38.8780101Z","final_rampdown_4_to_0","0","3","k6_progress","k6","24360","True","0","75.211","102.336","16"
"2026-08-17T14:23:40.1750657Z","final_rampdown_4_to_0","0","3","k6_progress","backend","11976","True","0","64.637","76.785","12"
"2026-08-17T14:23:40.1750657Z","final_rampdown_4_to_0","0","3","k6_progress","k6","24360","True","0.1","75.215","102.336","16"
"2026-08-17T14:23:41.4694064Z","final_rampdown_4_to_0","0","3","k6_progress","backend","11976","True","0.101","64.637","76.785","12"
"2026-08-17T14:23:41.4694064Z","final_rampdown_4_to_0","0","3","k6_progress","k6","24360","True","0","75.215","102.336","16"
"2026-08-17T14:23:42.7620611Z","final_rampdown_4_to_0","0","3","k6_progress","backend","11976","True","0","64.637","76.785","12"
"2026-08-17T14:23:42.7620611Z","final_rampdown_4_to_0","0","3","k6_progress","k6","24360","True","0","75.215","102.336","16"
"2026-08-17T14:23:44.0567659Z","final_rampdown_4_to_0","0","3","k6_progress","backend","11976","True","0.101","64.637","76.785","12"
"2026-08-17T14:23:44.0567659Z","final_rampdown_4_to_0","0","3","k6_progress","k6","24360","True","0.201","75.219","102.336","16"
"2026-08-17T14:23:45.3488711Z","graceful_completion","0","3","k6_progress","backend","11976","True","0.101","64.637","76.785","12"
"2026-08-17T14:23:45.3488711Z","graceful_completion","0","3","k6_progress","k6","24360","True","0.101","75.219","102.336","16"
"2026-08-17T14:23:46.6446816Z","graceful_completion","0","3","k6_progress","backend","11976","True","0","64.637","76.785","12"
"2026-08-17T14:23:46.6446816Z","graceful_completion","0","3","k6_progress","k6","24360","True","0","75.219","102.336","16"
"2026-08-17T14:23:47.9392845Z","graceful_completion","0","3","k6_progress","backend","11976","True","0.201","64.637","76.785","12"
"2026-08-17T14:23:47.9392845Z","graceful_completion","0","3","k6_progress","k6","24360","True","0.201","75.219","102.336","16"
"2026-08-17T14:23:49.2258428Z","graceful_completion","0","3","k6_progress","backend","11976","True","0","64.637","76.785","12"
"2026-08-17T14:23:49.2258428Z","graceful_completion","0","3","k6_progress","k6","24360","True","0.405","75.227","102.336","16"
"2026-08-17T14:23:50.5209298Z","graceful_completion","0","2","k6_progress","backend","11976","True","0","64.637","76.785","12"
"2026-08-17T14:23:50.5209298Z","graceful_completion","0","2","k6_progress","k6","24360","True","0.101","75.227","102.336","16"
"2026-08-17T14:23:51.8183379Z","graceful_completion","0","2","k6_progress","backend","11976","True","0.1","64.637","76.785","12"
"2026-08-17T14:23:51.8183379Z","graceful_completion","0","2","k6_progress","k6","24360","True","0.201","75.227","102.336","16"
"2026-08-17T14:23:53.1270739Z","graceful_completion","0","1","k6_progress","backend","11976","True","0.099","64.637","76.785","12"
"2026-08-17T14:23:53.1270739Z","graceful_completion","0","1","k6_progress","k6","24360","True","0","75.23","102.336","16"
"2026-08-17T14:23:54.4147160Z","graceful_completion","0","1","k6_progress","backend","11976","True","0","64.637","76.785","12"
"2026-08-17T14:23:54.4147160Z","graceful_completion","0","1","k6_progress","k6","24360","True","0","75.23","102.336","16"
"2026-08-17T14:23:55.7130001Z","graceful_completion","0","1","k6_progress","backend","11976","True","0","64.637","76.785","12"
"2026-08-17T14:23:55.7130001Z","graceful_completion","0","1","k6_progress","k6","24360","True","0","75.23","102.336","16"
"2026-08-17T14:23:57.0236067Z","graceful_completion","0","0","k6_progress","backend","11976","True","0","64.637","76.785","12"
"2026-08-17T14:23:57.0236067Z","graceful_completion","0","0","k6_progress","k6","24360","True","1.59","84.309","109.82","16"
