"timestamp_utc","spike_phase","target_vus","actual_vus_live","actual_vus_live_source","cpu_percent","committed_memory_percent","disk_bytes_per_second","network_bytes_per_second"
"2026-08-17T14:20:08.6972473Z","warmup_4","4","","unavailable","21.316","85.873","1165354.07","52112.531"
"2026-08-17T14:20:11.0298218Z","warmup_4","4","4","k6_progress","28.405","85.881","458733.106","57431.823"
"2026-08-17T14:20:12.4341865Z","warmup_4","4","4","k6_progress","14.538","85.867","905802.869","662.321"
"2026-08-17T14:20:13.7442220Z","warmup_4","4","4","k6_progress","26.625","85.866","873319.89","17191.561"
"2026-08-17T14:20:15.0829845Z","warmup_4","4","4","k6_progress","23.131","85.748","619784.025","1330267.022"
"2026-08-17T14:20:16.3899912Z","warmup_4","4","4","k6_progress","12.59","85.701","230656.41","269316.57"
"2026-08-17T14:20:17.6829778Z","pre_spike_steady_4","4","4","k6_progress","16.551","85.659","390281.451","702.193"
"2026-08-17T14:20:18.9921013Z","pre_spike_steady_4","4","4","k6_progress","15.403","85.656","314255.652","376.638"
"2026-08-17T14:20:20.2820134Z","pre_spike_steady_4","4","4","k6_progress","17.267","85.669","101933.407","238.512"
"2026-08-17T14:20:21.5917644Z","pre_spike_steady_4","4","4","k6_progress","10.811","85.587","445782.017","175.53"
"2026-08-17T14:20:22.8859855Z","pre_spike_steady_4","4","4","k6_progress","19.341","85.578","371175.689","468.033"
"2026-08-17T14:20:24.1785469Z","pre_spike_steady_4","4","4","k6_progress","24.098","85.598","657871.585","58517.811"
"2026-08-17T14:20:25.4678315Z","pre_spike_steady_4","4","4","k6_progress","13.34","85.583","457868.042","21739.789"
"2026-08-17T14:20:26.7669967Z","pre_spike_steady_4","4","4","k6_progress","19.477","85.589","255943.703","7022.171"
"2026-08-17T14:20:28.0642351Z","pre_spike_steady_4","4","4","k6_progress","35.209","85.61","15707698.896","718.583"
"2026-08-17T14:20:29.3584647Z","pre_spike_steady_4","4","4","k6_progress","15.198","85.603","315290.226","412.508"
"2026-08-17T14:20:30.6659682Z","pre_spike_steady_4","4","4","k6_progress","17.679","85.53","293959.776","1432.36"
"2026-08-17T14:20:31.9611386Z","pre_spike_steady_4","4","4","k6_progress","16.517","85.388","73322.417","979.581"
"2026-08-17T14:20:33.2542190Z","pre_spike_steady_4","4","4","k6_progress","33.16","85.644","237216.15","8638.035"
"2026-08-17T14:20:34.5628839Z","pre_spike_steady_4","4","4","k6_progress","16.297","85.442","20354.108","186042.31"
"2026-08-17T14:20:35.8699949Z","pre_spike_steady_4","4","4","k6_progress","11.353","85.434","8156.316","295.706"
"2026-08-17T14:20:37.1619022Z","pre_spike_steady_4","4","4","k6_progress","19.727","85.603","831847.735","11798.648"
"2026-08-17T14:20:38.4531004Z","pre_spike_steady_4","4","4","k6_progress","20.387","85.44","926817.822","16757.65"
"2026-08-17T14:20:39.7462826Z","pre_spike_steady_4","4","4","k6_progress","19.237","85.536","827912.562","1427561.218"
"2026-08-17T14:20:41.0525255Z","pre_spike_steady_4","4","4","k6_progress","19.263","85.538","301045.433","451734.318"
"2026-08-17T14:20:42.3619587Z","pre_spike_steady_4","4","4","k6_progress","22.815","85.528","480666.209","58380.519"
"2026-08-17T14:20:43.6552210Z","pre_spike_steady_4","4","4","k6_progress","27.861","85.567","1353019.398","2429.359"
"2026-08-17T14:20:44.9671802Z","pre_spike_steady_4","4","4","k6_progress","14.646","85.581","1474285.461","1169086.22"
"2026-08-17T14:20:46.2608269Z","pre_spike_steady_4","4","4","k6_progress","21.548","85.552","834505.292","912593.967"
"2026-08-17T14:20:47.5523159Z","pre_spike_steady_4","4","4","k6_progress","16.728","85.537","228924.922","29797.997"
"2026-08-17T14:20:48.8422906Z","pre_spike_steady_4","4","4","k6_progress","11.294","85.543","203716.875","435.495"
"2026-08-17T14:20:50.1362462Z","pre_spike_steady_4","4","4","k6_progress","10.765","85.545","776018.049","341.222"
"2026-08-17T14:20:51.4340188Z","pre_spike_steady_4","4","4","k6_progress","24.622","85.49","715757.139","3321.521"
"2026-08-17T14:20:52.7371875Z","pre_spike_steady_4","4","4","k6_progress","13.92","85.489","181715.902","49640.62"
"2026-08-17T14:20:54.0422524Z","pre_spike_steady_4","4","4","k6_progress","20.115","85.503","1008719.38","1316.757"
"2026-08-17T14:20:55.3322496Z","pre_spike_steady_4","4","4","k6_progress","18.823","85.483","1334441.362","2235.692"
"2026-08-17T14:20:56.6250627Z","pre_spike_steady_4","4","4","k6_progress","10.963","85.497","1471757.457","2732.734"
"2026-08-17T14:20:57.9206605Z","spike_transition_4_to_32","32","4","k6_progress","25.258","85.529","28633.013","488.335"
"2026-08-17T14:20:59.2128851Z","spike_peak_32","32","4","k6_progress","30.57","85.605","277047.954","18223.646"
"2026-08-17T14:21:00.5210802Z","spike_peak_32","32","4","k6_progress","33.067","85.594","519436.754","2561.872"
"2026-08-17T14:21:01.8326068Z","spike_peak_32","32","4","k6_progress","37.492","85.547","225142.577","97403.493"
"2026-08-17T14:21:03.1577176Z","spike_peak_32","32","4","k6_progress","15.527","85.45","359049.148","669.75"
"2026-08-17T14:21:04.4659775Z","spike_peak_32","32","4","k6_progress","19.269","85.561","208660.798","3748.774"
"2026-08-17T14:21:05.7610000Z","spike_peak_32","32","4","k6_progress","24.261","85.635","8133.984","16738.61"
"2026-08-17T14:21:07.0692675Z","spike_peak_32","32","4","k6_progress","23.514","85.684","1303039.243","226.704"
"2026-08-17T14:21:08.3789090Z","spike_peak_32","32","4","k6_progress","15.1","85.689","4291671.305","174.939"
"2026-08-17T14:21:09.6708545Z","spike_peak_32","32","4","k6_progress","21.694","85.763","5380191.298","548.95"
"2026-08-17T14:21:10.9811164Z","spike_peak_32","32","32","k6_progress","18.846","85.741","1525542.653","33890.552"
"2026-08-17T14:21:12.2731637Z","spike_peak_32","32","32","k6_progress","21.099","85.706","1356214.589","1047.245"
"2026-08-17T14:21:13.5663981Z","spike_peak_32","32","32","k6_progress","16.693","85.596","1173134.478","4477.727"
"2026-08-17T14:21:14.8559897Z","spike_peak_32","32","32","k6_progress","31.504","85.599","2383884.78","237.181"
"2026-08-17T14:21:16.1611066Z","spike_peak_32","32","32","k6_progress","25.032","85.638","1872676.486","586.638"
"2026-08-17T14:21:17.4537347Z","spike_peak_32","32","32","k6_progress","15.118","85.643","535622.461","237.937"
"2026-08-17T14:21:18.7609607Z","spike_peak_32","32","32","k6_progress","14.086","85.616","680795.732","174.644"
"2026-08-17T14:21:20.0574943Z","spike_peak_32","32","32","k6_progress","12.01","85.625","1032144.43","455.078"
"2026-08-17T14:21:21.3705108Z","spike_peak_32","32","32","k6_progress","19.98","85.636","2736712.22","595.227"
"2026-08-17T14:21:22.6641523Z","spike_peak_32","32","32","k6_progress","40.519","85.705","2147879.987","1200.585"
"2026-08-17T14:21:23.9768037Z","spike_peak_32","32","32","k6_progress","32.509","85.702","2387235.579","403.852"
"2026-08-17T14:21:25.2841704Z","spike_peak_32","32","32","k6_progress","18.639","85.653","930184.444","1249.712"
"2026-08-17T14:21:26.5785094Z","spike_peak_32","32","32","k6_progress","12.696","85.663","1798948.979","887.556"
"2026-08-17T14:21:27.8861727Z","spike_peak_32","32","32","k6_progress","23.463","85.69","546579.952","521.819"
"2026-08-17T14:21:29.1966835Z","spike_peak_32","32","32","k6_progress","20.351","85.61","549119.575","238.552"
"2026-08-17T14:21:30.5060287Z","spike_peak_32","32","32","k6_progress","12.683","85.612","171651.346","6648.257"
"2026-08-17T14:21:31.8000691Z","spike_peak_32","32","32","k6_progress","18.53","85.599","791826.556","200425.915"
"2026-08-17T14:21:33.0883645Z","spike_peak_32","32","32","k6_progress","25.725","85.571","1140468.872","83979.079"
"2026-08-17T14:21:34.3936443Z","spike_peak_32","32","32","k6_progress","16.984","85.557","1723134.894","885.134"
"2026-08-17T14:21:35.6977155Z","spike_peak_32","32","32","k6_progress","31.551","85.64","1122377.45","428.509"
"2026-08-17T14:21:37.0047832Z","spike_peak_32","32","32","k6_progress","24.738","85.675","3312876.218","238.442"
"2026-08-17T14:21:38.3140164Z","spike_peak_32","32","32","k6_progress","14.377","85.672","1342205.152","241.585"
"2026-08-17T14:21:39.6064735Z","spike_peak_32","32","32","k6_progress","25.097","85.737","1032629.828","1962.076"
"2026-08-17T14:21:40.8960495Z","spike_peak_32","32","32","k6_progress","22.249","85.711","1872828.511","1148.263"
"2026-08-17T14:21:42.2027207Z","spike_peak_32","32","32","k6_progress","25.31","85.702","1725225.483","8196.065"
"2026-08-17T14:21:43.5158651Z","spike_peak_32","32","32","k6_progress","18.532","85.734","1808377.911","129521.083"
"2026-08-17T14:21:44.8107534Z","recovery_settling_4","4","32","k6_progress","16.639","85.639","1356878.148","537.409"
"2026-08-17T14:21:46.1023150Z","recovery_settling_4","4","32","k6_progress","27.238","85.698","2390378.126","229.755"
"2026-08-17T14:21:47.3958553Z","recovery_settling_4","4","32","k6_progress","27.654","85.665","2238078.545","305.086"
"2026-08-17T14:21:48.7018993Z","recovery_settling_4","4","32","k6_progress","21.513","85.688","3281162.793","239.183"
"2026-08-17T14:21:50.0040086Z","recovery_settling_4","4","32","k6_progress","20.015","85.671","4121795.324","324.628"
"2026-08-17T14:21:51.3101720Z","recovery_settling_4","4","32","k6_progress","19.394","85.685","4987082.265","579.868"
"2026-08-17T14:21:52.5992188Z","recovery_settling_4","4","32","k6_progress","14.708","85.637","1392602.886","451.177"
"2026-08-17T14:21:53.9070057Z","recovery_settling_4","4","32","k6_progress","14.916","85.666","1939064.637","26594.854"
"2026-08-17T14:21:55.2147405Z","recovery_settling_4","4","32","k6_progress","15.392","85.674","1064210.073","240.098"
"2026-08-17T14:21:56.5194685Z","recovery_settling_4","4","32","k6_progress","18.09","85.665","424790.551","711.145"
"2026-08-17T14:21:57.8158953Z","recovery_settling_4","4","32","k6_progress","19.559","85.668","598236.98","240.443"
"2026-08-17T14:21:59.1079287Z","recovery_settling_4","4","32","k6_progress","16.95","85.66","350609.231","292.214"
"2026-08-17T14:22:00.4101413Z","recovery_settling_4","4","30","k6_progress","16.389","85.647","517399.491","10914.094"
"2026-08-17T14:22:01.7046332Z","recovery_settling_4","4","26","k6_progress","24.048","85.625","669604.076","602.7"
"2026-08-17T14:22:03.0088693Z","recovery_settling_4","4","20","k6_progress","32.418","85.689","10227738.279","459.675"
"2026-08-17T14:22:04.3169319Z","recovery_settling_4","4","17","k6_progress","21.814","85.727","1307666.576","460.58"
"2026-08-17T14:22:05.6158131Z","recovery_settling_4","4","10","k6_progress","24.482","85.722","9861375.77","1406.61"
"2026-08-17T14:22:06.9059059Z","recovery_settling_4","4","5","k6_progress","15.301","85.712","184494.205","238.258"
"2026-08-17T14:22:08.2145157Z","recovery_settling_4","4","5","k6_progress","13.706","85.679","423437.218","599.222"
"2026-08-17T14:22:09.5149623Z","recovery_settling_4","4","4","k6_progress","14.319","85.614","230508.998","239.454"
"2026-08-17T14:22:10.8119862Z","recovery_settling_4","4","4","k6_progress","13.367","85.623","306141.904","598.932"
"2026-08-17T14:22:12.1019479Z","recovery_settling_4","4","4","k6_progress","20.808","85.518","866859.95","1184.463"
"2026-08-17T14:22:13.3961762Z","recovery_settling_4","4","4","k6_progress","16.819","85.498","533522.026","4867.44"
"2026-08-17T14:22:14.6961465Z","recovery_steady_4","4","4","k6_progress","26.922","85.414","338327.495","173.842"
"2026-08-17T14:22:15.9926849Z","recovery_steady_4","4","4","k6_progress","20.704","85.466","190251.083","13896.651"
"2026-08-17T14:22:17.2843495Z","recovery_steady_4","4","4","k6_progress","14.485","85.467","577299.712","120.099"
"2026-08-17T14:22:18.5750836Z","recovery_steady_4","4","4","k6_progress","18.395","85.463","263618.577","279.761"
"2026-08-17T14:22:19.8640582Z","recovery_steady_4","4","4","k6_progress","16.066","85.462","256483","65.861"
"2026-08-17T14:22:21.1776570Z","recovery_steady_4","4","4","k6_progress","13.727","85.467","151869.701","328.366"
"2026-08-17T14:22:22.4732450Z","recovery_steady_4","4","4","k6_progress","15.651","85.485","457819.102","120.754"
"2026-08-17T14:22:23.7650560Z","recovery_steady_4","4","4","k6_progress","15.39","85.451","267934.662","205.161"
"2026-08-17T14:22:25.0637732Z","recovery_steady_4","4","4","k6_progress","18.53","85.45","12170.33","773.521"
"2026-08-17T14:22:26.3561781Z","recovery_steady_4","4","4","k6_progress","15.682","85.46","142676.764","26322.947"
"2026-08-17T14:22:27.6451351Z","recovery_steady_4","4","4","k6_progress","20.991","85.433","134887.824","3701.312"
"2026-08-17T14:22:28.9332912Z","recovery_steady_4","4","4","k6_progress","18.032","85.43","276969.741","120.323"
"2026-08-17T14:22:30.2250211Z","recovery_steady_4","4","4","k6_progress","17.172","85.431","229738.01","239.179"
"2026-08-17T14:22:31.5172370Z","recovery_steady_4","4","4","k6_progress","17.159","85.435","567122.649","745.37"
"2026-08-17T14:22:32.8137142Z","recovery_steady_4","4","4","k6_progress","11.834","85.431","522599.594","65.723"
"2026-08-17T14:22:34.1049271Z","recovery_steady_4","4","4","k6_progress","18.891","85.478","421751.814","119.082"
"2026-08-17T14:22:35.4097192Z","recovery_steady_4","4","4","k6_progress","12.609","85.472","160795.139","317.006"
"2026-08-17T14:22:36.7231031Z","recovery_steady_4","4","4","k6_progress","13.362","85.479","264780.564","27089.539"
"2026-08-17T14:22:38.0316574Z","recovery_steady_4","4","4","k6_progress","12.016","85.48","165517.704","120.73"
"2026-08-17T14:22:39.3201355Z","recovery_steady_4","4","4","k6_progress","18.743","85.484","345764.861","120.345"
"2026-08-17T14:22:40.6107466Z","recovery_steady_4","4","4","k6_progress","26.084","85.591","250345.481","11044.829"
"2026-08-17T14:22:41.9057217Z","recovery_steady_4","4","4","k6_progress","18.127","85.647","2026103.023","120.278"
"2026-08-17T14:22:43.2119076Z","recovery_steady_4","4","4","k6_progress","19.068","85.591","1056483.985","120.152"
"2026-08-17T14:22:44.5052425Z","recovery_steady_4","4","4","k6_progress","15.52","85.558","309849.67","993.793"
"2026-08-17T14:22:45.8008598Z","recovery_steady_4","4","4","k6_progress","28.264","85.576","174868.994","241.675"
"2026-08-17T14:22:47.0907704Z","recovery_steady_4","4","4","k6_progress","16.707","85.63","313228.188","24760.949"
"2026-08-17T14:22:48.3865145Z","recovery_steady_4","4","4","k6_progress","10.375","85.607","222137.269","164.67"
"2026-08-17T14:22:49.6819814Z","recovery_steady_4","4","4","k6_progress","17.839","85.603","254958.112","119.551"
"2026-08-17T14:22:50.9820249Z","recovery_steady_4","4","4","k6_progress","15.569","85.613","73201.542","924.352"
"2026-08-17T14:22:52.2777218Z","recovery_steady_4","4","4","k6_progress","20.28","85.572","73018.046","1007.207"
"2026-08-17T14:22:53.5696534Z","recovery_steady_4","4","4","k6_progress","23.732","85.603","20345.373","240.409"
"2026-08-17T14:22:54.8640642Z","recovery_steady_4","4","4","k6_progress","15.309","85.594","69178.184","54.642"
"2026-08-17T14:22:56.1583809Z","recovery_steady_4","4","4","k6_progress","14.552","85.585","492107.959","676.18"
"2026-08-17T14:22:57.4514968Z","recovery_steady_4","4","4","k6_progress","22.043","85.598","373512.223","36420.296"
"2026-08-17T14:22:58.7475493Z","recovery_steady_4","4","4","k6_progress","12.501","85.594","528505.355","662.302"
"2026-08-17T14:23:00.0456429Z","recovery_steady_4","4","4","k6_progress","17.879","85.611","141010.041","175.624"
"2026-08-17T14:23:01.3434647Z","recovery_steady_4","4","4","k6_progress","19.881","85.625","359748.469","939.174"
"2026-08-17T14:23:02.6327931Z","recovery_steady_4","4","4","k6_progress","13.635","85.612","203649.235","185.552"
"2026-08-17T14:23:03.9291877Z","recovery_steady_4","4","4","k6_progress","13.795","85.659","580147.905","341.524"
"2026-08-17T14:23:05.2227687Z","recovery_steady_4","4","4","k6_progress","16.458","85.646","242069.22","119.682"
"2026-08-17T14:23:06.5164834Z","recovery_steady_4","4","4","k6_progress","12.811","85.651","186090.539","514.402"
"2026-08-17T14:23:07.8109521Z","recovery_steady_4","4","4","k6_progress","10.933","85.629","245204.977","24588.295"
"2026-08-17T14:23:09.1053774Z","recovery_steady_4","4","4","k6_progress","15.442","85.632","164037.227","268.806"
"2026-08-17T14:23:10.3965561Z","recovery_steady_4","4","4","k6_progress","16.154","85.632","305378.628","54.765"
"2026-08-17T14:23:11.6884622Z","recovery_steady_4","4","4","k6_progress","13.801","85.638","953113.917","904.493"
"2026-08-17T14:23:12.9809530Z","recovery_steady_4","4","4","k6_progress","11.232","85.635","184815.513","4326.655"
"2026-08-17T14:23:14.2717618Z","recovery_steady_4","4","4","k6_progress","20.244","85.597","351943.605","413.028"
"2026-08-17T14:23:15.5629934Z","final_rampdown_4_to_0","0","4","k6_progress","14.301","85.58","73135.776","240.056"
"2026-08-17T14:23:16.8580494Z","final_rampdown_4_to_0","0","4","k6_progress","15.552","85.588","68792.62","441.612"
"2026-08-17T14:23:18.1541848Z","final_rampdown_4_to_0","0","4","k6_progress","21.14","85.544","12201.181","30326.211"
"2026-08-17T14:23:19.4499792Z","final_rampdown_4_to_0","0","4","k6_progress","13.739","85.544","206963.232","10198.757"
"2026-08-17T14:23:20.7449882Z","final_rampdown_4_to_0","0","4","k6_progress","18.527","85.531","16271.051","352.553"
"2026-08-17T14:23:22.0383681Z","final_rampdown_4_to_0","0","4","k6_progress","17.808","85.533","116806.972","151.428"
"2026-08-17T14:23:23.3308592Z","final_rampdown_4_to_0","0","4","k6_progress","17.919","85.509","285695.177","54.415"
"2026-08-17T14:23:24.6240861Z","final_rampdown_4_to_0","0","4","k6_progress","9.969","85.501","257902.999","377.788"
"2026-08-17T14:23:25.9172559Z","final_rampdown_4_to_0","0","4","k6_progress","9.035","85.502","233120.006","174.207"
"2026-08-17T14:23:27.2137598Z","final_rampdown_4_to_0","0","4","k6_progress","16.509","85.506","214082.199","4640.939"
"2026-08-17T14:23:28.5069660Z","final_rampdown_4_to_0","0","4","k6_progress","31.037","85.496","255010.8","119.103"
"2026-08-17T14:23:29.8013298Z","final_rampdown_4_to_0","0","4","k6_progress","21.076","85.535","403448.668","1620.462"
"2026-08-17T14:23:31.0958752Z","final_rampdown_4_to_0","0","4","k6_progress","13.112","85.55","440329.406","1209.184"
"2026-08-17T14:23:32.3945188Z","final_rampdown_4_to_0","0","4","k6_progress","13.779","85.52","345126.643","277.969"
"2026-08-17T14:23:33.6916700Z","final_rampdown_4_to_0","0","4","k6_progress","18.023","85.557","263405.744","120.174"
"2026-08-17T14:23:34.9897930Z","final_rampdown_4_to_0","0","4","k6_progress","18.496","85.567","212492.576","333.803"
"2026-08-17T14:23:36.2882170Z","final_rampdown_4_to_0","0","4","k6_progress","19.484","85.476","1408710.99","120.144"
"2026-08-17T14:23:37.5828733Z","final_rampdown_4_to_0","0","3","k6_progress","14.449","85.443","437684.091","394.623"
"2026-08-17T14:23:38.8780101Z","final_rampdown_4_to_0","0","3","k6_progress","16.487","85.445","305260.578","31508.275"
"2026-08-17T14:23:40.1750657Z","final_rampdown_4_to_0","0","3","k6_progress","30.216","85.545","152945.984","26223.296"
"2026-08-17T14:23:41.4694064Z","final_rampdown_4_to_0","0","3","k6_progress","15.253","85.542","12266.868","120.792"
"2026-08-17T14:23:42.7620611Z","final_rampdown_4_to_0","0","3","k6_progress","10.786","85.545","202864.47","119.856"
"2026-08-17T14:23:44.0567659Z","final_rampdown_4_to_0","0","3","k6_progress","21.939","85.513","244834.891","341.709"
"2026-08-17T14:23:45.3488711Z","graceful_completion","0","3","k6_progress","18.307","85.508","8123.802","263.786"
"2026-08-17T14:23:46.6446816Z","graceful_completion","0","3","k6_progress","12.65","85.485","1032610.759","119.625"
"2026-08-17T14:23:47.9392845Z","graceful_completion","0","3","k6_progress","11.194","85.471","410606.485","120.394"
"2026-08-17T14:23:49.2258428Z","graceful_completion","0","3","k6_progress","22.158","85.5","243308.159","65.342"
"2026-08-17T14:23:50.5209298Z","graceful_completion","0","2","k6_progress","30.552","85.647","33285268.159","27358.717"
"2026-08-17T14:23:51.8183379Z","graceful_completion","0","2","k6_progress","15.778","85.617","167162.187","278.01"
"2026-08-17T14:23:53.1270739Z","graceful_completion","0","1","k6_progress","15.887","85.672","299292.06","396.021"
"2026-08-17T14:23:54.4147160Z","graceful_completion","0","1","k6_progress","20.357","85.651","450467.773","119.616"
"2026-08-17T14:23:55.7130001Z","graceful_completion","0","1","k6_progress","13.191","85.683","496038.63","195.543"
"2026-08-17T14:23:57.0236067Z","graceful_completion","0","0","k6_progress","48.925","85.504","8699362.785","11598.389"
