"timestamp_utc","role","pid","cpu_percent_total_machine","working_set_mb","private_memory_mb","thread_count"
"2026-08-17T03:27:36.1158781Z","backend","15848","","56.395","63.457","12"
"2026-08-17T03:27:36.1158781Z","k6","22932","","10.309","48.906","7"
"2026-08-17T03:27:37.2097097Z","backend","15848","0.833","56.398","63.457","12"
"2026-08-17T03:27:37.2097097Z","k6","22932","1.786","34.426","62.965","18"
"2026-08-17T03:27:38.2463321Z","backend","15848","0.754","56.402","63.461","12"
"2026-08-17T03:27:38.2463321Z","k6","22932","0.126","34.965","63.449","18"
"2026-08-17T03:27:39.2663481Z","backend","15848","0.128","56.406","63.461","12"
"2026-08-17T03:27:39.2663481Z","k6","22932","0","35.41","63.926","18"
"2026-08-17T03:27:40.2935549Z","backend","15848","0","56.406","63.461","12"
"2026-08-17T03:27:40.2935549Z","k6","22932","0","35.449","63.926","18"
"2026-08-17T03:27:41.3320828Z","backend","15848","0.627","56.582","63.918","12"
"2026-08-17T03:27:41.3320828Z","k6","22932","0.125","35.691","64.129","18"
"2026-08-17T03:27:42.3711339Z","backend","15848","0.752","56.93","64.387","12"
"2026-08-17T03:27:42.3711339Z","k6","22932","0.251","35.934","64.316","18"
"2026-08-17T03:27:43.4064864Z","backend","15848","0","56.613","63.855","12"
"2026-08-17T03:27:43.4064864Z","k6","22932","0.252","35.984","64.363","18"
"2026-08-17T03:27:44.4537629Z","backend","15848","0.124","56.617","63.859","12"
"2026-08-17T03:27:44.4537629Z","k6","22932","0.497","36.273","64.582","18"
"2026-08-17T03:27:45.5386905Z","backend","15848","0.12","56.617","63.859","12"
"2026-08-17T03:27:45.5386905Z","k6","22932","0.24","36.336","64.613","18"
"2026-08-17T03:27:46.5660635Z","backend","15848","0","56.617","63.859","12"
"2026-08-17T03:27:46.5660635Z","k6","22932","0","36.348","64.613","18"
"2026-08-17T03:27:47.5896012Z","backend","15848","0.382","56.617","63.859","12"
"2026-08-17T03:27:47.5896012Z","k6","22932","0","36.352","64.613","18"
"2026-08-17T03:27:48.6275395Z","backend","15848","0.251","56.617","63.859","12"
"2026-08-17T03:27:48.6275395Z","k6","22932","0.251","36.375","64.621","18"
"2026-08-17T03:27:49.6848947Z","backend","15848","0.862","56.621","63.863","12"
"2026-08-17T03:27:49.6848947Z","k6","22932","0.123","36.473","64.621","18"
"2026-08-17T03:27:50.7501302Z","backend","15848","0.733","56.625","63.867","12"
"2026-08-17T03:27:50.7501302Z","k6","22932","0.122","36.477","64.621","18"
"2026-08-17T03:27:51.7871493Z","backend","15848","0.502","56.66","63.984","12"
"2026-08-17T03:27:51.7871493Z","k6","22932","0","36.492","64.621","18"
"2026-08-17T03:27:52.8267000Z","backend","15848","0.376","56.664","63.984","12"
"2026-08-17T03:27:52.8267000Z","k6","22932","0.125","36.492","64.621","18"
"2026-08-17T03:27:53.8628769Z","backend","15848","0.126","56.664","63.984","12"
"2026-08-17T03:27:53.8628769Z","k6","22932","0.126","36.574","64.715","18"
"2026-08-17T03:27:54.8930398Z","backend","15848","1.138","56.898","64.359","12"
"2026-08-17T03:27:54.8930398Z","k6","22932","0.253","36.578","64.715","18"
"2026-08-17T03:27:55.9218375Z","backend","15848","0.127","56.637","64.258","12"
"2026-08-17T03:27:55.9218375Z","k6","22932","0.127","36.578","64.715","18"
"2026-08-17T03:27:56.9584231Z","backend","15848","0.377","56.633","63.715","12"
"2026-08-17T03:27:56.9584231Z","k6","22932","0","36.59","64.715","18"
"2026-08-17T03:27:57.9896162Z","backend","15848","0.253","56.637","63.855","12"
"2026-08-17T03:27:57.9896162Z","k6","22932","0","36.641","64.848","18"
"2026-08-17T03:27:59.0408012Z","backend","15848","0.248","56.637","63.855","12"
"2026-08-17T03:27:59.0408012Z","k6","22932","0.124","36.664","64.895","18"
"2026-08-17T03:28:00.0738346Z","backend","15848","0.126","56.637","63.855","12"
"2026-08-17T03:28:00.0738346Z","k6","22932","0.126","36.664","64.895","18"
"2026-08-17T03:28:01.1056716Z","backend","15848","0.252","56.637","63.855","12"
"2026-08-17T03:28:01.1056716Z","k6","22932","0","36.664","64.895","18"
"2026-08-17T03:28:02.1322531Z","backend","15848","0.381","56.637","63.855","12"
"2026-08-17T03:28:02.1322531Z","k6","22932","0","36.68","64.895","18"
"2026-08-17T03:28:03.1681825Z","backend","15848","0.88","56.641","63.859","12"
"2026-08-17T03:28:03.1681825Z","k6","22932","0","36.68","64.895","18"
"2026-08-17T03:28:04.2064369Z","backend","15848","0.251","56.641","63.859","12"
"2026-08-17T03:28:04.2064369Z","k6","22932","0.125","36.684","64.895","18"
"2026-08-17T03:28:05.2396178Z","backend","15848","0.63","56.641","63.859","12"
"2026-08-17T03:28:05.2396178Z","k6","22932","0.126","36.684","64.895","18"
"2026-08-17T03:28:06.2737602Z","backend","15848","0.63","56.613","63.625","12"
"2026-08-17T03:28:06.2737602Z","k6","22932","0.378","36.734","64.957","20"
"2026-08-17T03:28:07.3110691Z","backend","15848","0.377","56.617","63.629","12"
"2026-08-17T03:28:07.3110691Z","k6","22932","0.126","36.758","64.957","20"
"2026-08-17T03:28:08.3351321Z","backend","15848","0.127","56.617","63.629","12"
"2026-08-17T03:28:08.3351321Z","k6","22932","0","36.766","64.957","20"
"2026-08-17T03:28:09.3634298Z","backend","15848","0.507","56.848","64.227","12"
"2026-08-17T03:28:09.3634298Z","k6","22932","0.38","36.727","64.77","20"
"2026-08-17T03:28:10.3960314Z","backend","15848","0.378","56.848","64.227","12"
"2026-08-17T03:28:10.3960314Z","k6","22932","0.252","36.727","64.77","20"
"2026-08-17T03:28:11.4278713Z","backend","15848","0.252","56.848","64.227","12"
"2026-08-17T03:28:11.4278713Z","k6","22932","0","36.73","64.77","20"
"2026-08-17T03:28:12.4562358Z","backend","15848","0.633","56.867","64.227","12"
"2026-08-17T03:28:12.4562358Z","k6","22932","0.38","36.738","64.77","20"
"2026-08-17T03:28:13.4913097Z","backend","15848","0.126","56.867","64.227","12"
"2026-08-17T03:28:13.4913097Z","k6","22932","0.126","36.766","64.77","20"
"2026-08-17T03:28:14.5664449Z","backend","15848","0.121","56.867","64.227","12"
"2026-08-17T03:28:14.5664449Z","k6","22932","0","36.766","64.77","20"
"2026-08-17T03:28:15.5885729Z","backend","15848","0.764","56.871","64.23","12"
"2026-08-17T03:28:15.5885729Z","k6","22932","0.255","36.773","64.77","20"
"2026-08-17T03:28:16.6154651Z","backend","15848","0.254","56.879","64.23","12"
"2026-08-17T03:28:16.6154651Z","k6","22932","0.254","36.773","64.77","20"
"2026-08-17T03:28:17.6397026Z","backend","15848","0.254","56.938","64.23","12"
"2026-08-17T03:28:17.6397026Z","k6","22932","0.127","36.777","64.77","20"
"2026-08-17T03:28:18.6737527Z","backend","15848","0.881","56.914","63.848","12"
"2026-08-17T03:28:18.6737527Z","k6","22932","0.252","36.785","64.707","20"
"2026-08-17T03:28:19.7111061Z","backend","15848","1.004","56.918","63.852","12"
"2026-08-17T03:28:19.7111061Z","k6","22932","0.126","36.785","64.707","20"
"2026-08-17T03:28:20.7396160Z","backend","15848","0.253","56.918","63.852","12"
"2026-08-17T03:28:20.7396160Z","k6","22932","0","36.738","64.582","20"
"2026-08-17T03:28:21.7749963Z","backend","15848","0","56.918","63.852","12"
"2026-08-17T03:28:21.7749963Z","k6","22932","0","36.738","64.582","20"
"2026-08-17T03:28:22.7922593Z","backend","15848","0","56.918","63.852","12"
"2026-08-17T03:28:22.7922593Z","k6","22932","0","36.738","64.582","20"
"2026-08-17T03:28:23.8108592Z","backend","15848","0.383","57.023","64.348","12"
"2026-08-17T03:28:23.8108592Z","k6","22932","0","36.762","64.582","20"
"2026-08-17T03:28:24.8304923Z","backend","15848","0.255","57.051","64.348","12"
"2026-08-17T03:28:24.8304923Z","k6","22932","0.255","36.918","64.766","20"
"2026-08-17T03:28:25.8756672Z","backend","15848","0","57.051","64.348","12"
"2026-08-17T03:28:25.8756672Z","k6","22932","0","37.133","65","20"
"2026-08-17T03:28:26.9114050Z","backend","15848","0","57.051","64.348","12"
"2026-08-17T03:28:26.9114050Z","k6","22932","0.126","37.273","65.141","20"
"2026-08-17T03:28:27.9388648Z","backend","15848","0.38","57.051","64.348","12"
"2026-08-17T03:28:27.9388648Z","k6","22932","0.253","37.305","65.172","20"
"2026-08-17T03:28:28.9756192Z","backend","15848","0.126","57.051","64.348","12"
"2026-08-17T03:28:28.9756192Z","k6","22932","0.251","37.305","65.172","20"
"2026-08-17T03:28:30.0029005Z","backend","15848","0","57.051","64.348","12"
"2026-08-17T03:28:30.0029005Z","k6","22932","0.127","37.305","65.172","20"
"2026-08-17T03:28:31.0263692Z","backend","15848","0.254","57.055","64.352","12"
"2026-08-17T03:28:31.0263692Z","k6","22932","0","37.305","65.172","20"
"2026-08-17T03:28:32.0525278Z","backend","15848","0.381","57.43","64.824","12"
"2026-08-17T03:28:32.0525278Z","k6","22932","0.254","37.305","65.172","20"
"2026-08-17T03:28:33.0762227Z","backend","15848","0.127","57.047","63.926","12"
"2026-08-17T03:28:33.0762227Z","k6","22932","0.127","37.348","65.172","20"
"2026-08-17T03:28:34.1063938Z","backend","15848","0.126","57.047","63.926","12"
"2026-08-17T03:28:34.1063938Z","k6","22932","0.126","37.535","65.344","20"
