"timestamp_utc","phase","role","pid","cpu_percent_total_machine","working_set_mb","private_memory_mb","thread_count"
"2026-08-17T04:26:19.1380549Z","ramp_up","backend","10924","","43.188","53.473","12"
"2026-08-17T04:26:19.1380549Z","ramp_up","k6","24636","","21.664","55.047","10"
"2026-08-17T04:26:23.1425857Z","ramp_up","backend","10924","0.13","45.086","55.535","12"
"2026-08-17T04:26:23.1425857Z","ramp_up","k6","24636","0.358","32.414","60.453","18"
"2026-08-17T04:26:25.2259848Z","ramp_up","backend","10924","0.062","45.09","55.535","12"
"2026-08-17T04:26:25.2259848Z","ramp_up","k6","24636","0","33.043","61.078","18"
"2026-08-17T04:26:27.3045529Z","ramp_up","backend","10924","0.125","45.367","56.039","12"
"2026-08-17T04:26:27.3045529Z","ramp_up","k6","24636","0.564","33.512","61.375","18"
"2026-08-17T04:26:29.3707781Z","ramp_up","backend","10924","0","45.434","56.039","12"
"2026-08-17T04:26:29.3707781Z","ramp_up","k6","24636","0","33.559","61.375","18"
"2026-08-17T04:26:31.4364243Z","ramp_up","backend","10924","0","45.438","56.039","12"
"2026-08-17T04:26:31.4364243Z","ramp_up","k6","24636","0.126","33.562","61.375","18"
"2026-08-17T04:26:33.5137662Z","ramp_up","backend","10924","0","45.516","56.039","12"
"2026-08-17T04:26:33.5137662Z","ramp_up","k6","24636","0.439","33.68","61.375","18"
"2026-08-17T04:26:35.5967844Z","ramp_up","backend","10924","0.063","45.98","56.297","12"
"2026-08-17T04:26:35.5967844Z","ramp_up","k6","24636","0.063","33.691","61.375","18"
"2026-08-17T04:26:37.6718676Z","ramp_up","backend","10924","0.063","46","56.297","12"
"2026-08-17T04:26:37.6718676Z","ramp_up","k6","24636","0","33.703","61.375","18"
"2026-08-17T04:26:39.7365771Z","ramp_up","backend","10924","0","46.004","56.297","12"
"2026-08-17T04:26:39.7365771Z","ramp_up","k6","24636","0.378","33.742","61.375","18"
"2026-08-17T04:26:41.8179387Z","ramp_up","backend","10924","0.063","46.121","56.297","12"
"2026-08-17T04:26:41.8179387Z","ramp_up","k6","24636","0.188","33.746","61.375","18"
"2026-08-17T04:26:43.8672281Z","ramp_up","backend","10924","0","46.121","56.297","12"
"2026-08-17T04:26:43.8672281Z","ramp_up","k6","24636","0","33.75","61.375","18"
"2026-08-17T04:26:45.9030483Z","ramp_up","backend","10924","0","46.375","56.555","12"
"2026-08-17T04:26:45.9030483Z","ramp_up","k6","24636","0","33.762","61.375","18"
"2026-08-17T04:26:47.9468482Z","ramp_up","backend","10924","0","46.539","56.555","12"
"2026-08-17T04:26:47.9468482Z","ramp_up","k6","24636","0","33.766","61.375","18"
"2026-08-17T04:26:50.0078386Z","ramp_up","backend","10924","0.063","46.539","56.555","12"
"2026-08-17T04:26:50.0078386Z","ramp_up","k6","24636","0.126","33.805","61.438","20"
"2026-08-17T04:26:52.0717568Z","ramp_up","backend","10924","0.063","46.539","56.555","12"
"2026-08-17T04:26:52.0717568Z","ramp_up","k6","24636","0.126","33.809","61.438","20"
"2026-08-17T04:26:54.1368867Z","ramp_up","backend","10924","0.189","46.551","56.555","12"
"2026-08-17T04:26:54.1368867Z","ramp_up","k6","24636","0","33.809","61.438","20"
"2026-08-17T04:26:56.2048582Z","ramp_up","backend","10924","0.063","46.801","57.07","12"
"2026-08-17T04:26:56.2048582Z","ramp_up","k6","24636","0.063","33.809","61.438","20"
"2026-08-17T04:26:58.2638259Z","ramp_up","backend","10924","0","46.801","57.07","12"
"2026-08-17T04:26:58.2638259Z","ramp_up","k6","24636","0","33.812","61.438","20"
"2026-08-17T04:27:00.3185118Z","ramp_up","backend","10924","0.127","46.812","57.07","12"
"2026-08-17T04:27:00.3185118Z","ramp_up","k6","24636","0.063","33.863","61.438","20"
"2026-08-17T04:27:02.3712612Z","ramp_up","backend","10924","0.063","46.82","57.07","12"
"2026-08-17T04:27:02.3712612Z","ramp_up","k6","24636","0.063","33.863","61.438","20"
"2026-08-17T04:27:04.4215193Z","ramp_up","backend","10924","0.191","47.012","57.07","12"
"2026-08-17T04:27:04.4215193Z","ramp_up","k6","24636","0.064","33.867","61.438","20"
"2026-08-17T04:27:06.4768642Z","ramp_up","backend","10924","0.127","47.012","57.07","12"
"2026-08-17T04:27:06.4768642Z","ramp_up","k6","24636","0.063","33.867","61.438","20"
"2026-08-17T04:27:08.5299876Z","ramp_up","backend","10924","0.254","47.395","57.328","12"
"2026-08-17T04:27:08.5299876Z","ramp_up","k6","24636","0.19","33.867","61.438","20"
"2026-08-17T04:27:10.5830254Z","ramp_up","backend","10924","0","47.395","57.328","12"
"2026-08-17T04:27:10.5830254Z","ramp_up","k6","24636","0.127","33.867","61.438","20"
"2026-08-17T04:27:12.6446529Z","ramp_up","backend","10924","0.126","47.438","57.328","12"
"2026-08-17T04:27:12.6446529Z","ramp_up","k6","24636","0.063","33.867","61.438","20"
"2026-08-17T04:27:14.6907396Z","ramp_up","backend","10924","0","47.664","57.328","12"
"2026-08-17T04:27:14.6907396Z","ramp_up","k6","24636","0.064","33.91","61.438","20"
"2026-08-17T04:27:16.7436024Z","ramp_up","backend","10924","0","47.664","57.328","12"
"2026-08-17T04:27:16.7436024Z","ramp_up","k6","24636","0.127","33.91","61.438","20"
"2026-08-17T04:27:18.8032802Z","steady_4vu","backend","10924","0.316","47.668","57.328","12"
"2026-08-17T04:27:18.8032802Z","steady_4vu","k6","24636","0.126","33.926","61.438","20"
"2026-08-17T04:27:20.8528323Z","steady_4vu","backend","10924","0.254","47.859","57.586","12"
"2026-08-17T04:27:20.8528323Z","steady_4vu","k6","24636","0.064","33.902","61.344","17"
"2026-08-17T04:27:22.9027416Z","steady_4vu","backend","10924","0.064","47.863","57.586","12"
"2026-08-17T04:27:22.9027416Z","steady_4vu","k6","24636","0.064","33.902","61.344","17"
"2026-08-17T04:27:24.9658526Z","steady_4vu","backend","10924","0.063","48.062","58.105","12"
"2026-08-17T04:27:24.9658526Z","steady_4vu","k6","24636","0.063","33.91","61.344","17"
"2026-08-17T04:27:27.0272395Z","steady_4vu","backend","10924","0.063","48.07","58.105","12"
"2026-08-17T04:27:27.0272395Z","steady_4vu","k6","24636","0.063","33.91","61.344","17"
"2026-08-17T04:27:29.0782108Z","steady_4vu","backend","10924","0.063","48.086","58.105","12"
"2026-08-17T04:27:29.0782108Z","steady_4vu","k6","24636","0.127","33.914","61.344","17"
"2026-08-17T04:27:31.1216631Z","steady_4vu","backend","10924","0.064","48.301","58.105","12"
"2026-08-17T04:27:31.1216631Z","steady_4vu","k6","24636","0.127","33.918","61.344","17"
"2026-08-17T04:27:33.1607686Z","steady_4vu","backend","10924","0.128","48.496","58.105","12"
"2026-08-17T04:27:33.1607686Z","steady_4vu","k6","24636","0.128","33.961","61.344","17"
"2026-08-17T04:27:35.2357888Z","steady_4vu","backend","10924","0","48.496","58.105","12"
"2026-08-17T04:27:35.2357888Z","steady_4vu","k6","24636","0.251","33.965","61.344","17"
"2026-08-17T04:27:37.2886266Z","steady_4vu","backend","10924","0.063","48.496","58.105","12"
"2026-08-17T04:27:37.2886266Z","steady_4vu","k6","24636","0","33.965","61.344","17"
"2026-08-17T04:27:39.3551108Z","steady_4vu","backend","10924","0.063","48.691","58.621","12"
"2026-08-17T04:27:39.3551108Z","steady_4vu","k6","24636","0.189","33.988","61.344","17"
"2026-08-17T04:27:41.3985277Z","steady_4vu","backend","10924","0.127","48.707","58.621","12"
"2026-08-17T04:27:41.3985277Z","steady_4vu","k6","24636","0.127","33.988","61.344","17"
"2026-08-17T04:27:43.4372195Z","steady_4vu","backend","10924","0.064","48.777","58.621","12"
"2026-08-17T04:27:43.4372195Z","steady_4vu","k6","24636","0.064","33.988","61.344","17"
"2026-08-17T04:27:45.4755590Z","steady_4vu","backend","10924","0.192","48.852","58.621","12"
"2026-08-17T04:27:45.4755590Z","steady_4vu","k6","24636","0.064","34.016","61.344","17"
"2026-08-17T04:27:47.5403859Z","steady_4vu","backend","10924","0.378","48.977","58.879","12"
"2026-08-17T04:27:47.5403859Z","steady_4vu","k6","24636","0.315","34.016","61.344","17"
"2026-08-17T04:27:49.6774972Z","steady_4vu","backend","10924","0","48.977","58.879","12"
"2026-08-17T04:27:49.6774972Z","steady_4vu","k6","24636","0.244","34.016","61.344","17"
"2026-08-17T04:27:51.8038404Z","steady_4vu","backend","10924","0.184","49.043","58.879","12"
"2026-08-17T04:27:51.8038404Z","steady_4vu","k6","24636","0.306","34.047","61.344","17"
"2026-08-17T04:27:53.9494513Z","steady_4vu","backend","10924","0.061","49.043","58.879","12"
"2026-08-17T04:27:53.9494513Z","steady_4vu","k6","24636","0.303","34.047","61.344","17"
"2026-08-17T04:27:56.0428168Z","steady_4vu","backend","10924","0.062","49.395","59.203","14"
"2026-08-17T04:27:56.0428168Z","steady_4vu","k6","24636","0.124","34.047","61.344","17"
"2026-08-17T04:27:58.1331980Z","steady_4vu","backend","10924","0","49.395","59.203","14"
"2026-08-17T04:27:58.1331980Z","steady_4vu","k6","24636","0.187","34.051","61.344","17"
"2026-08-17T04:28:00.1872197Z","steady_4vu","backend","10924","0.063","49.395","59.203","14"
"2026-08-17T04:28:00.1872197Z","steady_4vu","k6","24636","0.063","34.055","61.344","17"
"2026-08-17T04:28:02.2522841Z","steady_4vu","backend","10924","0.252","49.691","59.719","14"
"2026-08-17T04:28:02.2522841Z","steady_4vu","k6","24636","0.063","34.164","61.453","17"
"2026-08-17T04:28:04.3261346Z","steady_4vu","backend","10924","0.188","49.863","59.719","14"
"2026-08-17T04:28:04.3261346Z","steady_4vu","k6","24636","0.377","34.227","61.453","17"
"2026-08-17T04:28:06.4379731Z","steady_4vu","backend","10924","0","49.863","59.719","14"
"2026-08-17T04:28:06.4379731Z","steady_4vu","k6","24636","0","34.227","61.453","17"
"2026-08-17T04:28:08.5069415Z","steady_4vu","backend","10924","0.378","50.102","59.719","14"
"2026-08-17T04:28:08.5069415Z","steady_4vu","k6","24636","0.252","34.293","61.5","17"
"2026-08-17T04:28:10.5961787Z","steady_4vu","backend","10924","0.125","50.18","59.719","14"
"2026-08-17T04:28:10.5961787Z","steady_4vu","k6","24636","0.249","34.293","61.5","17"
"2026-08-17T04:28:12.6649805Z","steady_4vu","backend","10924","0","50.18","59.719","14"
"2026-08-17T04:28:12.6649805Z","steady_4vu","k6","24636","0.189","34.34","61.547","17"
"2026-08-17T04:28:14.7207260Z","steady_4vu","backend","10924","0.19","50.184","59.719","14"
"2026-08-17T04:28:14.7207260Z","steady_4vu","k6","24636","0.19","34.707","62.031","17"
"2026-08-17T04:28:16.7984424Z","steady_4vu","backend","10924","0.376","50.402","60.238","14"
"2026-08-17T04:28:16.7984424Z","steady_4vu","k6","24636","0.564","34.777","62.273","17"
"2026-08-17T04:28:18.8718226Z","steady_4vu","backend","10924","0","50.414","60.238","14"
"2026-08-17T04:28:18.8718226Z","steady_4vu","k6","24636","0.126","34.781","62.273","17"
"2026-08-17T04:28:20.9459723Z","steady_4vu","backend","10924","0.126","50.691","60.238","14"
"2026-08-17T04:28:20.9459723Z","steady_4vu","k6","24636","0.377","34.809","62.273","17"
"2026-08-17T04:28:22.9935548Z","steady_4vu","backend","10924","0","50.801","60.754","14"
"2026-08-17T04:28:22.9935548Z","steady_4vu","k6","24636","0","34.848","62.273","17"
"2026-08-17T04:28:25.0499469Z","steady_4vu","backend","10924","0","50.809","60.754","14"
"2026-08-17T04:28:25.0499469Z","steady_4vu","k6","24636","0.063","34.863","62.273","17"
"2026-08-17T04:28:27.1078390Z","steady_4vu","backend","10924","0.127","50.82","60.754","14"
"2026-08-17T04:28:27.1078390Z","steady_4vu","k6","24636","0","34.863","62.273","17"
"2026-08-17T04:28:29.1875079Z","steady_4vu","backend","10924","0.125","51.07","60.754","14"
"2026-08-17T04:28:29.1875079Z","steady_4vu","k6","24636","0.063","34.957","62.305","17"
"2026-08-17T04:28:31.2555179Z","steady_4vu","backend","10924","0.252","51.07","60.754","14"
"2026-08-17T04:28:31.2555179Z","steady_4vu","k6","24636","0.063","34.965","62.305","17"
"2026-08-17T04:28:33.3214097Z","steady_4vu","backend","10924","0.063","51.27","61.012","14"
"2026-08-17T04:28:33.3214097Z","steady_4vu","k6","24636","0.063","34.969","62.242","15"
"2026-08-17T04:28:35.3786094Z","steady_4vu","backend","10924","0","51.27","61.012","14"
"2026-08-17T04:28:35.3786094Z","steady_4vu","k6","24636","0.063","34.969","62.242","15"
"2026-08-17T04:28:37.4394866Z","steady_4vu","backend","10924","0.126","51.344","61.012","14"
"2026-08-17T04:28:37.4394866Z","steady_4vu","k6","24636","0.253","35.016","62.305","15"
"2026-08-17T04:28:39.5032896Z","steady_4vu","backend","10924","0.189","51.484","61.27","14"
"2026-08-17T04:28:39.5032896Z","steady_4vu","k6","24636","0.126","35.02","62.305","15"
"2026-08-17T04:28:41.5613659Z","steady_4vu","backend","10924","0.127","51.484","61.27","14"
"2026-08-17T04:28:41.5613659Z","steady_4vu","k6","24636","0.063","35.02","62.305","15"
"2026-08-17T04:28:43.6397205Z","steady_4vu","backend","10924","0.125","51.684","61.527","14"
"2026-08-17T04:28:43.6397205Z","steady_4vu","k6","24636","0","35.023","62.305","15"
"2026-08-17T04:28:45.7042778Z","steady_4vu","backend","10924","0.252","51.918","61.531","14"
"2026-08-17T04:28:45.7042778Z","steady_4vu","k6","24636","0.252","35.129","62.359","15"
"2026-08-17T04:28:47.8010557Z","steady_4vu","backend","10924","0.186","52.129","61.531","14"
"2026-08-17T04:28:47.8010557Z","steady_4vu","k6","24636","0.062","35.262","62.359","15"
"2026-08-17T04:28:49.8645004Z","steady_4vu","backend","10924","0.126","51.926","61.602","14"
"2026-08-17T04:28:49.8645004Z","steady_4vu","k6","24636","0.252","35.289","62.359","15"
"2026-08-17T04:28:51.9366642Z","steady_4vu","backend","10924","0.314","52.465","61.738","14"
"2026-08-17T04:28:51.9366642Z","steady_4vu","k6","24636","0","35.297","62.359","15"
"2026-08-17T04:28:53.9803985Z","steady_4vu","backend","10924","0.127","52.551","61.738","14"
"2026-08-17T04:28:53.9803985Z","steady_4vu","k6","24636","0.127","35.297","62.359","15"
"2026-08-17T04:28:56.0273462Z","steady_4vu","backend","10924","0","52.555","61.738","14"
"2026-08-17T04:28:56.0273462Z","steady_4vu","k6","24636","0.191","35.297","62.359","15"
"2026-08-17T04:28:58.0925441Z","steady_4vu","backend","10924","0.189","52.758","61.996","14"
"2026-08-17T04:28:58.0925441Z","steady_4vu","k6","24636","0.252","35.297","62.359","15"
"2026-08-17T04:29:00.1929744Z","steady_4vu","backend","10924","0.062","52.758","61.996","14"
"2026-08-17T04:29:00.1929744Z","steady_4vu","k6","24636","0.248","35.457","62.516","15"
"2026-08-17T04:29:02.2593500Z","steady_4vu","backend","10924","0.126","53.012","62.289","14"
"2026-08-17T04:29:02.2593500Z","steady_4vu","k6","24636","0.252","35.457","62.516","15"
"2026-08-17T04:29:04.3687934Z","steady_4vu","backend","10924","0.062","53.012","62.289","14"
"2026-08-17T04:29:04.3687934Z","steady_4vu","k6","24636","0.062","35.457","62.516","15"
"2026-08-17T04:29:06.4710027Z","steady_4vu","backend","10924","0.186","53.254","62.543","14"
"2026-08-17T04:29:06.4710027Z","steady_4vu","k6","24636","0.186","35.496","62.516","15"
"2026-08-17T04:29:08.5355951Z","steady_4vu","backend","10924","0.063","53.242","62.754","14"
"2026-08-17T04:29:08.5355951Z","steady_4vu","k6","24636","0.126","35.496","62.516","15"
"2026-08-17T04:29:10.5877505Z","steady_4vu","backend","10924","0.063","53.254","62.754","14"
"2026-08-17T04:29:10.5877505Z","steady_4vu","k6","24636","0.19","35.496","62.516","15"
"2026-08-17T04:29:12.6488344Z","steady_4vu","backend","10924","0.063","53.441","63.016","14"
"2026-08-17T04:29:12.6488344Z","steady_4vu","k6","24636","0.126","35.496","62.516","15"
"2026-08-17T04:29:14.7233612Z","steady_4vu","backend","10924","0.126","53.441","63.016","14"
"2026-08-17T04:29:14.7233612Z","steady_4vu","k6","24636","0.063","35.496","62.516","15"
"2026-08-17T04:29:16.7763540Z","steady_4vu","backend","10924","0","53.441","63.016","14"
"2026-08-17T04:29:16.7763540Z","steady_4vu","k6","24636","0.063","35.496","62.516","15"
"2026-08-17T04:29:18.8330256Z","steady_4vu","backend","10924","0.063","53.863","63.359","14"
"2026-08-17T04:29:18.8330256Z","steady_4vu","k6","24636","0.127","35.504","62.516","15"
"2026-08-17T04:29:20.8707936Z","steady_4vu","backend","10924","0.128","53.719","63.004","14"
"2026-08-17T04:29:20.8707936Z","steady_4vu","k6","24636","0.064","35.504","62.516","15"
"2026-08-17T04:29:22.9215179Z","steady_4vu","backend","10924","0.127","54.211","63.672","14"
"2026-08-17T04:29:22.9215179Z","steady_4vu","k6","24636","0.063","35.504","62.516","15"
"2026-08-17T04:29:24.9699586Z","steady_4vu","backend","10924","0","53.836","63.469","14"
"2026-08-17T04:29:24.9699586Z","steady_4vu","k6","24636","0","35.504","62.516","15"
"2026-08-17T04:29:27.0081955Z","steady_4vu","backend","10924","0.256","54.008","63.754","14"
"2026-08-17T04:29:27.0081955Z","steady_4vu","k6","24636","0.192","35.504","62.516","15"
"2026-08-17T04:29:29.0770668Z","steady_4vu","backend","10924","0.063","54.016","63.754","14"
"2026-08-17T04:29:29.0770668Z","steady_4vu","k6","24636","0.252","35.504","62.516","15"
"2026-08-17T04:29:31.1515626Z","steady_4vu","backend","10924","0.126","54.023","63.754","14"
"2026-08-17T04:29:31.1515626Z","steady_4vu","k6","24636","0.126","35.504","62.516","15"
"2026-08-17T04:29:33.1987983Z","steady_4vu","backend","10924","0.254","54.391","63.875","14"
"2026-08-17T04:29:33.1987983Z","steady_4vu","k6","24636","0.127","35.504","62.516","15"
"2026-08-17T04:29:35.2370600Z","steady_4vu","backend","10924","0.192","54.418","63.875","14"
"2026-08-17T04:29:35.2370600Z","steady_4vu","k6","24636","0.319","35.508","62.516","15"
"2026-08-17T04:29:37.2872364Z","steady_4vu","backend","10924","0.127","54.383","63.809","12"
"2026-08-17T04:29:37.2872364Z","steady_4vu","k6","24636","0.191","35.602","62.609","15"
"2026-08-17T04:29:39.3453571Z","steady_4vu","backend","10924","0.063","54.383","63.809","12"
"2026-08-17T04:29:39.3453571Z","steady_4vu","k6","24636","0.19","35.68","62.688","15"
"2026-08-17T04:29:41.4015339Z","steady_4vu","backend","10924","0.19","54.383","63.809","12"
"2026-08-17T04:29:41.4015339Z","steady_4vu","k6","24636","0","35.68","62.688","15"
"2026-08-17T04:29:43.4484113Z","steady_4vu","backend","10924","0","54.43","63.809","12"
"2026-08-17T04:29:43.4484113Z","steady_4vu","k6","24636","0.064","35.688","62.695","15"
"2026-08-17T04:29:45.5068119Z","steady_4vu","backend","10924","0.127","54.43","63.809","12"
"2026-08-17T04:29:45.5068119Z","steady_4vu","k6","24636","0.253","35.688","62.695","15"
"2026-08-17T04:29:47.5592432Z","steady_4vu","backend","10924","0.063","54.43","63.809","12"
"2026-08-17T04:29:47.5592432Z","steady_4vu","k6","24636","0.127","35.688","62.695","15"
"2026-08-17T04:29:49.6072656Z","steady_4vu","backend","10924","0.127","54.43","63.809","12"
"2026-08-17T04:29:49.6072656Z","steady_4vu","k6","24636","0.064","35.688","62.695","15"
"2026-08-17T04:29:51.6574205Z","steady_4vu","backend","10924","0.064","54.434","63.809","12"
"2026-08-17T04:29:51.6574205Z","steady_4vu","k6","24636","0.064","35.391","62.383","15"
"2026-08-17T04:29:53.7160520Z","steady_4vu","backend","10924","0.253","54.234","63.207","12"
"2026-08-17T04:29:53.7160520Z","steady_4vu","k6","24636","0","35.391","62.383","15"
"2026-08-17T04:29:55.7818349Z","steady_4vu","backend","10924","0.126","54.234","63.207","12"
"2026-08-17T04:29:55.7818349Z","steady_4vu","k6","24636","0.189","35.395","62.383","15"
"2026-08-17T04:29:57.8464163Z","steady_4vu","backend","10924","0.063","54.234","63.207","12"
"2026-08-17T04:29:57.8464163Z","steady_4vu","k6","24636","0","35.395","62.383","15"
"2026-08-17T04:29:59.8970796Z","steady_4vu","backend","10924","0.254","54.234","63.207","12"
"2026-08-17T04:29:59.8970796Z","steady_4vu","k6","24636","0.127","35.398","62.383","15"
"2026-08-17T04:30:01.9610480Z","steady_4vu","backend","10924","0.126","54.234","63.207","12"
"2026-08-17T04:30:01.9610480Z","steady_4vu","k6","24636","0.063","35.398","62.383","15"
"2026-08-17T04:30:04.0197255Z","steady_4vu","backend","10924","0.19","54.234","63.207","12"
"2026-08-17T04:30:04.0197255Z","steady_4vu","k6","24636","0.063","35.398","62.383","15"
"2026-08-17T04:30:06.0775751Z","steady_4vu","backend","10924","0.19","54.234","63.207","12"
"2026-08-17T04:30:06.0775751Z","steady_4vu","k6","24636","0","35.402","62.383","15"
"2026-08-17T04:30:08.1415951Z","steady_4vu","backend","10924","0.126","54.234","63.207","12"
"2026-08-17T04:30:08.1415951Z","steady_4vu","k6","24636","0.126","35.402","62.383","15"
"2026-08-17T04:30:10.1934256Z","steady_4vu","backend","10924","0.254","54.473","63.781","12"
"2026-08-17T04:30:10.1934256Z","steady_4vu","k6","24636","0","35.406","62.383","15"
"2026-08-17T04:30:12.2515513Z","steady_4vu","backend","10924","0","54.473","63.781","12"
"2026-08-17T04:30:12.2515513Z","steady_4vu","k6","24636","0.127","35.406","62.383","15"
"2026-08-17T04:30:14.3069510Z","steady_4vu","backend","10924","0.063","54.473","63.781","12"
"2026-08-17T04:30:14.3069510Z","steady_4vu","k6","24636","0","35.41","62.383","15"
"2026-08-17T04:30:16.3686644Z","steady_4vu","backend","10924","0.063","54.473","63.781","12"
"2026-08-17T04:30:16.3686644Z","steady_4vu","k6","24636","0","35.41","62.383","15"
"2026-08-17T04:30:18.4144069Z","steady_4vu","backend","10924","0.255","54.176","63.137","12"
"2026-08-17T04:30:18.4144069Z","steady_4vu","k6","24636","0.127","35.41","62.383","15"
"2026-08-17T04:30:20.4638126Z","steady_4vu","backend","10924","0.064","54.176","63.137","12"
"2026-08-17T04:30:20.4638126Z","steady_4vu","k6","24636","0.127","35.41","62.383","15"
"2026-08-17T04:30:22.5146820Z","steady_4vu","backend","10924","0.063","54.176","63.137","12"
"2026-08-17T04:30:22.5146820Z","steady_4vu","k6","24636","0.127","35.41","62.383","15"
"2026-08-17T04:30:24.5718482Z","steady_4vu","backend","10924","0.19","54.363","63.375","12"
"2026-08-17T04:30:24.5718482Z","steady_4vu","k6","24636","0.063","35.414","62.383","15"
"2026-08-17T04:30:26.6280135Z","steady_4vu","backend","10924","0.127","54.363","63.375","12"
"2026-08-17T04:30:26.6280135Z","steady_4vu","k6","24636","0","35.422","62.383","15"
"2026-08-17T04:30:28.6737759Z","steady_4vu","backend","10924","0","54.363","63.375","12"
"2026-08-17T04:30:28.6737759Z","steady_4vu","k6","24636","0.064","35.426","62.383","15"
"2026-08-17T04:30:30.7262964Z","steady_4vu","backend","10924","0.127","54.363","63.375","12"
"2026-08-17T04:30:30.7262964Z","steady_4vu","k6","24636","0.063","35.426","62.383","15"
"2026-08-17T04:30:32.7622814Z","steady_4vu","backend","10924","0.192","54.395","63.398","12"
"2026-08-17T04:30:32.7622814Z","steady_4vu","k6","24636","0","35.426","62.383","15"
"2026-08-17T04:30:34.8096279Z","steady_4vu","backend","10924","0.127","54.395","63.398","12"
"2026-08-17T04:30:34.8096279Z","steady_4vu","k6","24636","0.318","35.426","62.383","15"
"2026-08-17T04:30:36.8453848Z","steady_4vu","backend","10924","0","54.395","63.398","12"
"2026-08-17T04:30:36.8453848Z","steady_4vu","k6","24636","0.128","35.426","62.383","15"
"2026-08-17T04:30:38.8864278Z","steady_4vu","backend","10924","0.191","54.594","64.18","12"
"2026-08-17T04:30:38.8864278Z","steady_4vu","k6","24636","0.191","35.516","62.398","15"
"2026-08-17T04:30:40.9294942Z","steady_4vu","backend","10924","0.064","54.449","63.438","12"
"2026-08-17T04:30:40.9294942Z","steady_4vu","k6","24636","0.064","35.516","62.398","15"
"2026-08-17T04:30:42.9779267Z","steady_4vu","backend","10924","0","54.449","63.438","12"
"2026-08-17T04:30:42.9779267Z","steady_4vu","k6","24636","0.064","35.52","62.398","15"
"2026-08-17T04:30:45.0154865Z","steady_4vu","backend","10924","0.32","54.598","63.871","12"
"2026-08-17T04:30:45.0154865Z","steady_4vu","k6","24636","0.128","35.52","62.398","15"
"2026-08-17T04:30:47.0575603Z","steady_4vu","backend","10924","0.064","54.598","63.871","12"
"2026-08-17T04:30:47.0575603Z","steady_4vu","k6","24636","0.128","35.52","62.398","15"
"2026-08-17T04:30:49.1095204Z","steady_4vu","backend","10924","0.063","54.598","63.871","12"
"2026-08-17T04:30:49.1095204Z","steady_4vu","k6","24636","0.317","35.52","62.398","15"
"2026-08-17T04:30:51.1559087Z","steady_4vu","backend","10924","0.127","54.598","63.871","12"
"2026-08-17T04:30:51.1559087Z","steady_4vu","k6","24636","0.064","35.52","62.398","15"
"2026-08-17T04:30:53.2020653Z","steady_4vu","backend","10924","0.064","54.598","63.871","12"
"2026-08-17T04:30:53.2020653Z","steady_4vu","k6","24636","0.064","35.52","62.398","15"
"2026-08-17T04:30:55.2408302Z","steady_4vu","backend","10924","0","54.598","63.871","12"
"2026-08-17T04:30:55.2408302Z","steady_4vu","k6","24636","0.064","35.531","62.398","15"
"2026-08-17T04:30:57.3162370Z","steady_4vu","backend","10924","0","54.598","63.871","12"
"2026-08-17T04:30:57.3162370Z","steady_4vu","k6","24636","0.188","35.531","62.398","15"
"2026-08-17T04:30:59.3680300Z","steady_4vu","backend","10924","0.127","54.598","63.871","12"
"2026-08-17T04:30:59.3680300Z","steady_4vu","k6","24636","0.381","35.535","62.398","15"
"2026-08-17T04:31:01.4132895Z","steady_4vu","backend","10924","0.064","54.598","63.871","12"
"2026-08-17T04:31:01.4132895Z","steady_4vu","k6","24636","0.127","35.535","62.398","15"
"2026-08-17T04:31:03.4640689Z","steady_4vu","backend","10924","0.063","54.555","63.598","12"
"2026-08-17T04:31:03.4640689Z","steady_4vu","k6","24636","0.127","35.668","62.531","15"
"2026-08-17T04:31:05.4991722Z","steady_4vu","backend","10924","0.192","54.559","63.602","12"
"2026-08-17T04:31:05.4991722Z","steady_4vu","k6","24636","0","35.672","62.531","15"
"2026-08-17T04:31:07.5501663Z","steady_4vu","backend","10924","0.063","54.641","63.727","12"
"2026-08-17T04:31:07.5501663Z","steady_4vu","k6","24636","0","35.672","62.531","15"
"2026-08-17T04:31:09.6065702Z","steady_4vu","backend","10924","0","54.645","63.727","12"
"2026-08-17T04:31:09.6065702Z","steady_4vu","k6","24636","0.063","35.684","62.539","15"
"2026-08-17T04:31:11.6721184Z","steady_4vu","backend","10924","0","54.52","63.477","12"
"2026-08-17T04:31:11.6721184Z","steady_4vu","k6","24636","0.252","35.695","62.539","15"
"2026-08-17T04:31:13.7377201Z","steady_4vu","backend","10924","0.063","54.523","63.48","12"
"2026-08-17T04:31:13.7377201Z","steady_4vu","k6","24636","0.252","35.699","62.539","15"
"2026-08-17T04:31:15.7714380Z","steady_4vu","backend","10924","0","54.535","63.492","12"
"2026-08-17T04:31:15.7714380Z","steady_4vu","k6","24636","0.064","35.699","62.539","15"
"2026-08-17T04:31:17.7979060Z","steady_4vu","backend","10924","0.064","54.871","64.055","12"
"2026-08-17T04:31:17.7979060Z","steady_4vu","k6","24636","0.129","35.703","62.539","15"
"2026-08-17T04:31:19.8555393Z","ramp_down","backend","10924","0.19","54.871","64.055","12"
"2026-08-17T04:31:19.8555393Z","ramp_down","k6","24636","0.127","35.812","62.574","16"
"2026-08-17T04:31:21.8898496Z","ramp_down","backend","10924","0","54.914","64.133","12"
"2026-08-17T04:31:21.8898496Z","ramp_down","k6","24636","0.128","35.812","62.574","16"
"2026-08-17T04:31:23.9377055Z","ramp_down","backend","10924","0.127","54.914","64.133","12"
"2026-08-17T04:31:23.9377055Z","ramp_down","k6","24636","0","35.812","62.574","16"
"2026-08-17T04:31:25.9800204Z","ramp_down","backend","10924","0.128","54.633","63.625","12"
"2026-08-17T04:31:25.9800204Z","ramp_down","k6","24636","0.128","35.812","62.574","16"
"2026-08-17T04:31:28.0030961Z","ramp_down","backend","10924","0","54.914","63.945","12"
"2026-08-17T04:31:28.0030961Z","ramp_down","k6","24636","0.257","35.812","62.574","16"
"2026-08-17T04:31:30.0771080Z","ramp_down","backend","10924","0","54.914","63.945","12"
"2026-08-17T04:31:30.0771080Z","ramp_down","k6","24636","0.314","35.812","62.574","16"
"2026-08-17T04:31:32.1295545Z","ramp_down","backend","10924","0.254","54.914","63.945","12"
"2026-08-17T04:31:32.1295545Z","ramp_down","k6","24636","0.063","35.812","62.574","16"
"2026-08-17T04:31:34.1677202Z","ramp_down","backend","10924","0","54.914","63.945","12"
"2026-08-17T04:31:34.1677202Z","ramp_down","k6","24636","0","35.812","62.574","16"
"2026-08-17T04:31:36.1937809Z","ramp_down","backend","10924","0","54.805","64.047","12"
"2026-08-17T04:31:36.1937809Z","ramp_down","k6","24636","0.064","35.82","62.574","16"
"2026-08-17T04:31:38.2500462Z","ramp_down","backend","10924","0","54.805","64.047","12"
"2026-08-17T04:31:38.2500462Z","ramp_down","k6","24636","0.19","35.82","62.574","16"
"2026-08-17T04:31:40.3026361Z","ramp_down","backend","10924","0.127","54.805","64.047","12"
"2026-08-17T04:31:40.3026361Z","ramp_down","k6","24636","0.127","35.82","62.574","16"
"2026-08-17T04:31:42.3512895Z","ramp_down","backend","10924","0.127","54.805","64.047","12"
"2026-08-17T04:31:42.3512895Z","ramp_down","k6","24636","0","35.82","62.574","16"
"2026-08-17T04:31:44.4096833Z","ramp_down","backend","10924","0","54.805","64.047","12"
"2026-08-17T04:31:44.4096833Z","ramp_down","k6","24636","0.127","35.824","62.574","16"
"2026-08-17T04:31:46.4694947Z","ramp_down","backend","10924","0.316","54.805","64.047","12"
"2026-08-17T04:31:46.4694947Z","ramp_down","k6","24636","0.126","35.824","62.574","16"
"2026-08-17T04:31:48.5172966Z","ramp_down","backend","10924","0.127","54.805","64.047","12"
"2026-08-17T04:31:48.5172966Z","ramp_down","k6","24636","0.064","35.824","62.574","16"
"2026-08-17T04:31:50.5688483Z","ramp_down","backend","10924","0","54.805","64.047","12"
"2026-08-17T04:31:50.5688483Z","ramp_down","k6","24636","0.127","35.824","62.574","16"
"2026-08-17T04:31:52.6130285Z","ramp_down","backend","10924","0","54.805","64.047","12"
"2026-08-17T04:31:52.6130285Z","ramp_down","k6","24636","0.127","35.824","62.574","16"
"2026-08-17T04:31:54.6912307Z","ramp_down","backend","10924","0.125","54.809","64.051","12"
"2026-08-17T04:31:54.6912307Z","ramp_down","k6","24636","0.125","35.824","62.574","16"
"2026-08-17T04:31:56.7453971Z","ramp_down","backend","10924","0.127","54.809","64.051","12"
"2026-08-17T04:31:56.7453971Z","ramp_down","k6","24636","0.063","35.824","62.574","16"
"2026-08-17T04:31:58.7958471Z","ramp_down","backend","10924","0","54.809","64.051","12"
"2026-08-17T04:31:58.7958471Z","ramp_down","k6","24636","0.445","35.824","62.574","16"
"2026-08-17T04:32:00.8535530Z","ramp_down","backend","10924","0.316","54.922","64.309","12"
"2026-08-17T04:32:00.8535530Z","ramp_down","k6","24636","0.443","35.832","62.574","16"
"2026-08-17T04:32:02.9122380Z","ramp_down","backend","10924","0","54.922","64.309","12"
"2026-08-17T04:32:02.9122380Z","ramp_down","k6","24636","0","35.832","62.574","16"
"2026-08-17T04:32:04.9795368Z","ramp_down","backend","10924","0.063","54.922","64.312","12"
"2026-08-17T04:32:04.9795368Z","ramp_down","k6","24636","0.126","35.832","62.574","16"
"2026-08-17T04:32:07.0357266Z","ramp_down","backend","10924","0","54.922","64.312","12"
"2026-08-17T04:32:07.0357266Z","ramp_down","k6","24636","0.19","35.832","62.574","16"
"2026-08-17T04:32:09.0900471Z","ramp_down","backend","10924","0","54.922","64.312","12"
"2026-08-17T04:32:09.0900471Z","ramp_down","k6","24636","0","35.832","62.574","16"
"2026-08-17T04:32:11.1287885Z","ramp_down","backend","10924","0.064","54.922","64.312","12"
"2026-08-17T04:32:11.1287885Z","ramp_down","k6","24636","0.255","35.832","62.574","16"
"2026-08-17T04:32:13.1877834Z","ramp_down","backend","10924","0","54.922","64.312","12"
"2026-08-17T04:32:13.1877834Z","ramp_down","k6","24636","0.063","35.832","62.574","16"
"2026-08-17T04:32:15.2408249Z","ramp_down","backend","10924","0.063","54.922","64.312","12"
"2026-08-17T04:32:15.2408249Z","ramp_down","k6","24636","0.127","35.832","62.574","16"
"2026-08-17T04:32:17.2953596Z","ramp_down","backend","10924","0","54.922","64.312","12"
"2026-08-17T04:32:17.2953596Z","ramp_down","k6","24636","0.127","35.91","62.652","16"
"2026-08-17T04:32:19.3771631Z","graceful_completion","backend","10924","0","55.035","64.477","12"
"2026-08-17T04:32:19.3771631Z","graceful_completion","k6","24636","0.063","35.91","62.652","16"
"2026-08-17T04:32:21.4236994Z","graceful_completion","backend","10924","0","55.035","64.477","12"
"2026-08-17T04:32:21.4236994Z","graceful_completion","k6","24636","0.127","35.914","62.652","16"
"2026-08-17T04:32:23.4908377Z","graceful_completion","backend","10924","0","55.035","64.477","12"
"2026-08-17T04:32:23.4908377Z","graceful_completion","k6","24636","0","35.914","62.652","16"
"2026-08-17T04:32:25.5500830Z","graceful_completion","backend","10924","0","55.035","64.477","12"
"2026-08-17T04:32:25.5500830Z","graceful_completion","k6","24636","0.063","35.914","62.652","16"
