"timestamp_utc","phase","cpu_percent","committed_memory_percent","disk_bytes_per_second","network_bytes_per_second"
"2026-08-17T04:26:19.1380549Z","ramp_up","31.757","76.304","247962427.614","217.338"
"2026-08-17T04:26:23.1425857Z","ramp_up","25.179","76.291","220613182.941","0"
"2026-08-17T04:26:25.2259848Z","ramp_up","36.576","76.15","173827591.28","119711.903"
"2026-08-17T04:26:27.3045529Z","ramp_up","30.855","76.276","301018284.061","27881.853"
"2026-08-17T04:26:29.3707781Z","ramp_up","29.733","76.297","17705379.229","389247.318"
"2026-08-17T04:26:31.4364243Z","ramp_up","25.248","76.181","2334670.611","0"
"2026-08-17T04:26:33.5137662Z","ramp_up","26.886","76.166","3314505.786","217.618"
"2026-08-17T04:26:35.5967844Z","ramp_up","28.523","76.118","1164633.426","531152.916"
"2026-08-17T04:26:37.6718676Z","ramp_up","10.817","76.099","2388031.348","387.852"
"2026-08-17T04:26:39.7365771Z","ramp_up","14.851","76.135","884376.434","472.432"
"2026-08-17T04:26:41.8179387Z","ramp_up","18.364","76.136","2315272.194","3677.775"
"2026-08-17T04:26:43.8672281Z","ramp_up","15.127","76.136","3109809.591","2010.666"
"2026-08-17T04:26:45.9030483Z","ramp_up","12.757","76.434","631465.171","541.632"
"2026-08-17T04:26:47.9468482Z","ramp_up","34.174","76.415","3270269.433","0"
"2026-08-17T04:26:50.0078386Z","ramp_up","10.945","76.37","1300091.797","959.401"
"2026-08-17T04:26:52.0717568Z","ramp_up","18.083","76.247","1379578.25","262473.058"
"2026-08-17T04:26:54.1368867Z","ramp_up","18.076","76.24","2198394.576","554.703"
"2026-08-17T04:26:56.2048582Z","ramp_up","17.029","76.101","1306333.881","326.726"
"2026-08-17T04:26:58.2638259Z","ramp_up","15.218","76.16","8868080.933","4264.701"
"2026-08-17T04:27:00.3185118Z","ramp_up","42.661","76.081","12541805.692","5805.113"
"2026-08-17T04:27:02.3712612Z","ramp_up","13.487","76.05","16247106.241","0"
"2026-08-17T04:27:04.4215193Z","ramp_up","15.321","76.082","3633506.73","1490.227"
"2026-08-17T04:27:06.4768642Z","ramp_up","15.696","76.102","21149813.117","16211.531"
"2026-08-17T04:27:08.5299876Z","ramp_up","17.254","76.113","3044900.085","3304.589"
"2026-08-17T04:27:10.5830254Z","ramp_up","33.088","76.173","4965109.344","337.483"
"2026-08-17T04:27:12.6446529Z","ramp_up","12.799","76.084","19433427.919","136.746"
"2026-08-17T04:27:14.6907396Z","ramp_up","22.067","76.263","13235667.695","29955.465"
"2026-08-17T04:27:16.7436024Z","ramp_up","35.082","76.663","4225563.139","127434.695"
"2026-08-17T04:27:18.8032802Z","steady_4vu","18.788","76.59","1485713.98","136.624"
"2026-08-17T04:27:20.8528323Z","steady_4vu","17.601","76.732","73151.776","471.288"
"2026-08-17T04:27:22.9027416Z","steady_4vu","19.762","76.612","256591.853","177.575"
"2026-08-17T04:27:24.9658526Z","steady_4vu","16.44","76.564","403101.837","132534.491"
"2026-08-17T04:27:27.0272395Z","steady_4vu","18.184","75.84","3508150.71","485.035"
"2026-08-17T04:27:29.0782108Z","steady_4vu","26.547","75.815","47059391.168","3261.81"
"2026-08-17T04:27:31.1216631Z","steady_4vu","23.282","75.76","56271493.72","12527.621"
"2026-08-17T04:27:33.1607686Z","steady_4vu","18.944","75.854","34253726.943","753.479"
"2026-08-17T04:27:35.2357888Z","steady_4vu","24.615","75.858","71462875.31","3797.327"
"2026-08-17T04:27:37.2886266Z","steady_4vu","25.416","75.851","48409282.595","3610.265"
"2026-08-17T04:27:39.3551108Z","steady_4vu","27.647","75.728","52477085.497","86974.812"
"2026-08-17T04:27:41.3985277Z","steady_4vu","16.919","75.745","128522634.314","20311.591"
"2026-08-17T04:27:43.4372195Z","steady_4vu","28.384","75.775","6354991.415","138.155"
"2026-08-17T04:27:45.4755590Z","steady_4vu","64.906","74.939","27499334.848","319084.917"
"2026-08-17T04:27:47.5403859Z","steady_4vu","76.93","75.27","172553393.629","109188.571"
"2026-08-17T04:27:49.6774972Z","steady_4vu","63.861","75.436","13527791.195","1380957.632"
"2026-08-17T04:27:51.8038404Z","steady_4vu","55.292","76.188","18370616.464","177.556"
"2026-08-17T04:27:53.9494513Z","steady_4vu","36.977","76.691","19997197.174","2081.51"
"2026-08-17T04:27:56.0428168Z","steady_4vu","23.718","76.867","22470908.384","104375.657"
"2026-08-17T04:27:58.1331980Z","steady_4vu","19.897","76.966","10091270.711","388.893"
"2026-08-17T04:28:00.1872197Z","steady_4vu","41.791","76.957","6709302.339","6713.116"
"2026-08-17T04:28:02.2522841Z","steady_4vu","38.107","77.032","5783123.821","703.186"
"2026-08-17T04:28:04.3261346Z","steady_4vu","28.523","77.075","4203986.041","101181.305"
"2026-08-17T04:28:06.4379731Z","steady_4vu","28.121","77.022","5339887.925","19512.848"
"2026-08-17T04:28:08.5069415Z","steady_4vu","44.403","76.892","4493267.515","0"
"2026-08-17T04:28:10.5961787Z","steady_4vu","26.776","76.928","5594789.394","818.315"
"2026-08-17T04:28:12.6649805Z","steady_4vu","12.116","76.853","4880669.406","1379.086"
"2026-08-17T04:28:14.7207260Z","steady_4vu","52.074","77.037","5111685.487","24494.74"
"2026-08-17T04:28:16.7984424Z","steady_4vu","38.734","77.072","4921842.158","3856.755"
"2026-08-17T04:28:18.8718226Z","steady_4vu","21.185","77.068","4318250.112","532.368"
"2026-08-17T04:28:20.9459723Z","steady_4vu","10.296","76.973","4052625.928","962.616"
"2026-08-17T04:28:22.9935548Z","steady_4vu","21.217","76.921","17547153.485","266807.32"
"2026-08-17T04:28:25.0499469Z","steady_4vu","28.264","76.873","4733908.525","117083.999"
"2026-08-17T04:28:27.1078390Z","steady_4vu","21.864","76.755","5728228.425","1088.261"
"2026-08-17T04:28:29.1875079Z","steady_4vu","17.891","76.621","5649143.678","537.163"
"2026-08-17T04:28:31.2555179Z","steady_4vu","15.717","76.675","6248258.03","7255.095"
"2026-08-17T04:28:33.3214097Z","steady_4vu","17.017","76.803","5260944.95","143037.633"
"2026-08-17T04:28:35.3786094Z","steady_4vu","27.172","76.818","4738695.145","455.29"
"2026-08-17T04:28:37.4394866Z","steady_4vu","30.725","76.847","4792865.484","507.575"
"2026-08-17T04:28:39.5032896Z","steady_4vu","29.389","77.715","4715401.52","7785.841"
"2026-08-17T04:28:41.5613659Z","steady_4vu","38.35","78.04","5359174.235","1129.276"
"2026-08-17T04:28:43.6397205Z","steady_4vu","53.335","78.479","19909937.714","57910.406"
"2026-08-17T04:28:45.7042778Z","steady_4vu","52.381","78.043","19409159.932","30744.578"
"2026-08-17T04:28:47.8010557Z","steady_4vu","45.932","78.147","4833500.221","19935.921"
"2026-08-17T04:28:49.8645004Z","steady_4vu","20.294","77.925","3766012.025","0"
"2026-08-17T04:28:51.9366642Z","steady_4vu","21.24","77.691","5247947.106","0"
"2026-08-17T04:28:53.9803985Z","steady_4vu","32.456","77.581","4550034.752","0"
"2026-08-17T04:28:56.0273462Z","steady_4vu","35.174","78.697","3834227.533","6431.679"
"2026-08-17T04:28:58.0925441Z","steady_4vu","26.589","78.747","3236761.542","716.418"
"2026-08-17T04:29:00.1929744Z","steady_4vu","31.953","79.48","64297790.495","4981.401"
"2026-08-17T04:29:02.2593500Z","steady_4vu","57.902","79.564","16162472.406","71219.647"
"2026-08-17T04:29:04.3687934Z","steady_4vu","65.216","79.546","3394365.942","24740.692"
"2026-08-17T04:29:06.4710027Z","steady_4vu","30.737","79.72","3413270.125","2195.444"
"2026-08-17T04:29:08.5355951Z","steady_4vu","24.683","79.774","3967892.871","788.704"
"2026-08-17T04:29:10.5877505Z","steady_4vu","20.723","79.494","4453329.669","6759.048"
"2026-08-17T04:29:12.6488344Z","steady_4vu","27.639","79.454","3712485.485","195.222"
"2026-08-17T04:29:14.7233612Z","steady_4vu","18.561","79.195","3588170.142","218.022"
"2026-08-17T04:29:16.7763540Z","steady_4vu","11.892","79.018","1388693.42","273.508"
"2026-08-17T04:29:18.8330256Z","steady_4vu","17.695","79.101","1147950.33","49502.346"
"2026-08-17T04:29:20.8707936Z","steady_4vu","15.933","78.597","280126.115","470.802"
"2026-08-17T04:29:22.9215179Z","steady_4vu","17.676","78.502","88764.213","2002.593"
"2026-08-17T04:29:24.9699586Z","steady_4vu","22.399","78.2","273019.696","121092.6"
"2026-08-17T04:29:27.0081955Z","steady_4vu","49.13","78.382","2807423.842","54612.02"
"2026-08-17T04:29:29.0770668Z","steady_4vu","38.319","78.535","12199.954","708.884"
"2026-08-17T04:29:31.1515626Z","steady_4vu","14.149","78.092","64307.963","59.339"
"2026-08-17T04:29:33.1987983Z","steady_4vu","7.042","78.078","16156.811","5587.432"
"2026-08-17T04:29:35.2370600Z","steady_4vu","18.028","77.945","34502.155","415.223"
"2026-08-17T04:29:37.2872364Z","steady_4vu","22.805","77.874","73353.333","195.999"
"2026-08-17T04:29:39.3453571Z","steady_4vu","24.505","77.81","2535948.062","13471.909"
"2026-08-17T04:29:41.4015339Z","steady_4vu","21.923","77.868","3590979.684","18649.004"
"2026-08-17T04:29:43.4484113Z","steady_4vu","24.324","77.84","756971.143","17300.741"
"2026-08-17T04:29:45.5068119Z","steady_4vu","20.326","77.725","1016351.777","0"
"2026-08-17T04:29:47.5592432Z","steady_4vu","20.231","77.562","83534.573","7689.104"
"2026-08-17T04:29:49.6072656Z","steady_4vu","22.059","76.952","1464135.164","7123.495"
"2026-08-17T04:29:51.6574205Z","steady_4vu","7.172","76.948","661321.952","3138.846"
"2026-08-17T04:29:53.7160520Z","steady_4vu","15.499","76.948","763462.849","9732.526"
"2026-08-17T04:29:55.7818349Z","steady_4vu","12.156","76.982","1364558.903","652.953"
"2026-08-17T04:29:57.8464163Z","steady_4vu","10.288","77.07","307276.85","77.76"
"2026-08-17T04:29:59.8970796Z","steady_4vu","16.58","77.122","1226258.947","389.566"
"2026-08-17T04:30:01.9610480Z","steady_4vu","17.525","76.991","23636087.819","3564.442"
"2026-08-17T04:30:04.0197255Z","steady_4vu","22.109","77.01","352877.339","430.636"
"2026-08-17T04:30:06.0775751Z","steady_4vu","12.895","76.963","161344.346","330.981"
"2026-08-17T04:30:08.1415951Z","steady_4vu","13.213","76.94","233250.706","120.621"
"2026-08-17T04:30:10.1934256Z","steady_4vu","13.399","77.145","1369083.511","178.595"
"2026-08-17T04:30:12.2515513Z","steady_4vu","11.59","77.165","445781.386","113.177"
"2026-08-17T04:30:14.3069510Z","steady_4vu","13.027","77.167","226557.576","6741.371"
"2026-08-17T04:30:16.3686644Z","steady_4vu","11.299","77.143","1376909.607","11688.277"
"2026-08-17T04:30:18.4144069Z","steady_4vu","19.723","77.001","236926.529","65.259"
"2026-08-17T04:30:20.4638126Z","steady_4vu","14.775","77.13","164364.169","161.994"
"2026-08-17T04:30:22.5146820Z","steady_4vu","19.301","77.139","2399825.846","442.463"
"2026-08-17T04:30:24.5718482Z","steady_4vu","18.979","77.102","726021.44","0"
"2026-08-17T04:30:26.6280135Z","steady_4vu","23.321","77.085","121746.763","1723.207"
"2026-08-17T04:30:28.6737759Z","steady_4vu","16.463","76.778","139120.832","655.501"
"2026-08-17T04:30:30.7262964Z","steady_4vu","18.165","76.779","659979.441","59.585"
"2026-08-17T04:30:32.7622814Z","steady_4vu","39.325","76.766","163580.839","269.883"
"2026-08-17T04:30:34.8096279Z","steady_4vu","24.181","76.782","9705.485","600.607"
"2026-08-17T04:30:36.8453848Z","steady_4vu","18.175","76.859","586147.565","120.665"
"2026-08-17T04:30:38.8864278Z","steady_4vu","20.509","76.994","3400711.205","19009.49"
"2026-08-17T04:30:40.9294942Z","steady_4vu","22.481","77.415","1133536.462","3960673.535"
"2026-08-17T04:30:42.9779267Z","steady_4vu","17.026","77.237","5243146.286","23693.107"
"2026-08-17T04:30:45.0154865Z","steady_4vu","20.108","77.295","625094.826","252.87"
"2026-08-17T04:30:47.0575603Z","steady_4vu","27.362","77.283","4098459.583","212.087"
"2026-08-17T04:30:49.1095204Z","steady_4vu","17.477","77.103","607528.914","240.295"
"2026-08-17T04:30:51.1559087Z","steady_4vu","23.183","77.076","235584.976","0"
"2026-08-17T04:30:53.2020653Z","steady_4vu","17.231","77.305","723594.233","336759.482"
"2026-08-17T04:30:55.2408302Z","steady_4vu","19.433","77.206","172915.098","402.333"
"2026-08-17T04:30:57.3162370Z","steady_4vu","24.507","77.245","1205651.293","1342867.063"
"2026-08-17T04:30:59.3680300Z","steady_4vu","14.964","77.247","8413650.085","1124.404"
"2026-08-17T04:31:01.4132895Z","steady_4vu","22.085","77.167","4074226.15","17696.484"
"2026-08-17T04:31:03.4640689Z","steady_4vu","9.222","77.2","1838179.864","3022.587"
"2026-08-17T04:31:05.4991722Z","steady_4vu","41.697","77.47","9216449.101","343783.823"
"2026-08-17T04:31:07.5501663Z","steady_4vu","23.382","77.751","8265937.536","602247.136"
"2026-08-17T04:31:09.6065702Z","steady_4vu","31.017","78.06","7292971.026","2174134.696"
"2026-08-17T04:31:11.6721184Z","steady_4vu","16.036","77.709","2022880.512","270.369"
"2026-08-17T04:31:13.7377201Z","steady_4vu","23","77.673","40993192.802","1105452.187"
"2026-08-17T04:31:15.7714380Z","steady_4vu","9.829","77.532","792531.439","279.815"
"2026-08-17T04:31:17.7979060Z","steady_4vu","12.391","77.425","505019.857","118.483"
"2026-08-17T04:31:19.8555393Z","ramp_down","24.001","77.337","444034.67","2437120.272"
"2026-08-17T04:31:21.8898496Z","ramp_down","17.273","77.291","75713.576","120.089"
"2026-08-17T04:31:23.9377055Z","ramp_down","12.062","77.191","35216079.265","59.77"
"2026-08-17T04:31:25.9800204Z","ramp_down","21.845","77.049","542385.193","59.738"
"2026-08-17T04:31:28.0030961Z","ramp_down","34.338","77.353","2052692.443","333.77"
"2026-08-17T04:31:30.0771080Z","ramp_down","32.646","77.315","1389924.963","1862.988"
"2026-08-17T04:31:32.1295545Z","ramp_down","14.483","77.133","876577.703","2462809.184"
"2026-08-17T04:31:34.1677202Z","ramp_down","28.131","76.94","22488764.879","59.48"
"2026-08-17T04:31:36.1937809Z","ramp_down","60.297","78.219","171839498.591","15432.979"
"2026-08-17T04:31:38.2500462Z","ramp_down","34.322","78.202","3632972.53","495946.582"
"2026-08-17T04:31:40.3026361Z","ramp_down","32.471","76.971","178862760.507","687.231"
"2026-08-17T04:31:42.3512895Z","ramp_down","55.175","76.933","1420225.773","14482.969"
"2026-08-17T04:31:44.4096833Z","ramp_down","42.226","77.167","2086603.84","2184122.083"
"2026-08-17T04:31:46.4694947Z","ramp_down","30.501","76.886","557165.184","26084.323"
"2026-08-17T04:31:48.5172966Z","ramp_down","35.206","77.053","1129512","34550.365"
"2026-08-17T04:31:50.5688483Z","ramp_down","20.99","76.939","1178904.154","139.578"
"2026-08-17T04:31:52.6130285Z","ramp_down","9.467","76.904","1156295.262","407.778"
"2026-08-17T04:31:54.6912307Z","ramp_down","13.852","76.82","255979.1","245.02"
"2026-08-17T04:31:56.7453971Z","ramp_down","25.944","76.698","41783.839","2653792.273"
"2026-08-17T04:31:58.7958471Z","ramp_down","23.579","76.491","1477347.667","4242.599"
"2026-08-17T04:32:00.8535530Z","ramp_down","12.876","76.506","1780040.867","7335.29"
"2026-08-17T04:32:02.9122380Z","ramp_down","21.145","76.88","179097.06","33189.515"
"2026-08-17T04:32:04.9795368Z","ramp_down","18.427","76.816","33516.245","0"
"2026-08-17T04:32:07.0357266Z","ramp_down","12.489","76.709","12130.73","60391.054"
"2026-08-17T04:32:09.0900471Z","ramp_down","18.982","76.744","79532.666","0"
"2026-08-17T04:32:11.1287885Z","ramp_down","18.149","76.658","174670.324","13604.467"
"2026-08-17T04:32:13.1877834Z","ramp_down","28.926","76.576","524676.664","0"
"2026-08-17T04:32:15.2408249Z","ramp_down","19.23","76.499","199416.745","220.576"
"2026-08-17T04:32:17.2953596Z","ramp_down","14.153","76.758","22587.992","10070.48"
"2026-08-17T04:32:19.3771631Z","graceful_completion","28.677","76.767","126025.328","4552.657"
"2026-08-17T04:32:21.4236994Z","graceful_completion","19.781","76.639","160023.746","26349.232"
"2026-08-17T04:32:23.4908377Z","graceful_completion","13.828","76.708","84590.232","178"
"2026-08-17T04:32:25.5500830Z","graceful_completion","23.139","76.414","2756666.813","119640.201"
