"timestamp_utc","soak_window","target_vus","actual_vus_live","actual_vus_live_source","cpu_percent","committed_memory_percent","disk_bytes_per_second","network_bytes_per_second"
"2026-08-17T17:26:04.6688610Z","pre_traffic","0","","unavailable","15.338","79.188","141828.03","335294.285"
"2026-08-17T17:26:06.0739629Z","pre_traffic","0","","unavailable","15.846","79.389","826584.495","142127.971"
"2026-08-17T17:26:08.0974538Z","warmup_entry","2","1","k6_progress","12.125","79.364","227773.877","1497.565"
"2026-08-17T17:26:10.1047313Z","warmup_entry","2","1","k6_progress","7.88","79.327","270949.189","2661.904"
"2026-08-17T17:26:12.1311357Z","warmup_entry","3","1","k6_progress","5.844","79.368","305379.117","1049.979"
"2026-08-17T17:26:14.1364428Z","warmup_entry","3","2","k6_progress","11.391","79.331","35194.931","2444.757"
"2026-08-17T17:26:16.1508300Z","warmup_entry","3","2","k6_progress","9.572","79.314","349672.103","32827.622"
"2026-08-17T17:26:18.1518191Z","warmup_entry","4","3","k6_progress","9.05","79.163","370077.818","157946.097"
"2026-08-17T17:26:20.1519266Z","warmup_entry","4","3","k6_progress","24.198","79.321","917948.335","3355.295"
"2026-08-17T17:26:22.1596592Z","warmup_entry","4","3","k6_progress","14.831","79.338","399744.714","45298.595"
"2026-08-17T17:26:24.1604662Z","warmup_entry","5","4","k6_progress","20.83","79.344","389899.012","239596.679"
"2026-08-17T17:26:26.1737137Z","warmup_entry","5","4","k6_progress","8.929","79.304","175891.581","1216.822"
"2026-08-17T17:26:28.1951206Z","warmup_entry","6","5","k6_progress","11.638","79.347","302473.464","173141.07"
"2026-08-17T17:26:30.1986427Z","warmup_entry","6","5","k6_progress","9.995","79.342","239319.032","1328.978"
"2026-08-17T17:26:32.2138791Z","warmup_entry","6","5","k6_progress","10.778","79.323","20322.852","905.994"
"2026-08-17T17:26:34.2178807Z","warmup_entry","7","6","k6_progress","8.047","79.398","518401.107","777.546"
"2026-08-17T17:26:36.2307087Z","warmup_entry","7","6","k6_progress","14.273","79.392","141478.073","1165.497"
"2026-08-17T17:26:38.2383974Z","warmup_entry","7","6","k6_progress","10.624","79.403","265399.133","1045.568"
"2026-08-17T17:26:40.2564941Z","warmup_entry","8","7","k6_progress","10.406","79.494","116704.396","2204.403"
"2026-08-17T17:26:42.2671481Z","warmup_entry","8","7","k6_progress","10.111","79.487","37146.214","1002.797"
"2026-08-17T17:26:44.2842921Z","warmup_entry","8","7","k6_progress","8.434","79.444","465217.42","777.26"
"2026-08-17T17:26:46.2952436Z","warmup_entry","9","8","k6_progress","9.408","79.389","857459.41","845.347"
"2026-08-17T17:26:48.3002950Z","warmup_entry","9","8","k6_progress","11.642","79.403","159982.406","1167.268"
"2026-08-17T17:26:50.3126621Z","warmup_entry","10","9","k6_progress","7.026","79.396","446319.456","1176.222"
"2026-08-17T17:26:52.3222996Z","warmup_entry","10","9","k6_progress","8.693","79.401","291304.999","1139.893"
"2026-08-17T17:26:54.3363328Z","warmup_entry","10","9","k6_progress","6.686","79.423","1762562.179","850.336"
"2026-08-17T17:26:56.3402872Z","warmup_entry","11","10","k6_progress","8.796","79.404","589144.119","13374.812"
"2026-08-17T17:26:58.3550478Z","warmup_entry","11","10","k6_progress","4.912","79.404","207545.873","841.526"
"2026-08-17T17:27:00.3589537Z","warmup_entry","11","10","k6_progress","8.365","79.42","1740517.707","842.649"
"2026-08-17T17:27:02.3729690Z","warmup_entry","12","11","k6_progress","10.108","79.418","404771.081","12453.451"
"2026-08-17T17:27:04.3922727Z","warmup_entry","12","11","k6_progress","8.855","79.453","68006.653","1006.677"
"2026-08-17T17:27:06.4087210Z","early_steady","12","11","k6_progress","10.052","79.278","222439.536","12837.076"
"2026-08-17T17:27:08.4228665Z","early_steady","12","12","k6_progress","7.469","79.28","1390152.516","2021.427"
"2026-08-17T17:27:10.4405804Z","early_steady","12","12","k6_progress","9.198","79.313","149135.557","768.547"
"2026-08-17T17:27:12.4562954Z","early_steady","12","12","k6_progress","12.718","79.357","1072303.828","1526.049"
"2026-08-17T17:27:14.4698755Z","early_steady","12","12","k6_progress","11.147","79.321","1403489.844","714.268"
"2026-08-17T17:27:16.4857843Z","early_steady","12","12","k6_progress","6.746","79.279","673386.751","1004.99"
"2026-08-17T17:27:18.4896027Z","early_steady","12","12","k6_progress","14.047","79.315","214718.134","6200.564"
"2026-08-17T17:27:20.5069398Z","early_steady","12","12","k6_progress","17.734","79.348","1636759.708","26756.624"
"2026-08-17T17:27:22.5180339Z","early_steady","12","12","k6_progress","16.712","79.311","1052006.676","977.954"
"2026-08-17T17:27:24.5209293Z","early_steady","12","12","k6_progress","8.073","79.313","403600.163","1050.38"
"2026-08-17T17:27:26.5346684Z","early_steady","12","12","k6_progress","11.981","79.347","572845.777","1073.172"
"2026-08-17T17:27:28.5448714Z","early_steady","12","12","k6_progress","13.03","79.391","783428.067","1171.323"
"2026-08-17T17:27:30.5584193Z","early_steady","12","12","k6_progress","18.753","79.421","258151.071","1158.761"
"2026-08-17T17:27:32.5788217Z","early_steady","12","12","k6_progress","10.004","79.432","74360.551","1083.297"
"2026-08-17T17:27:34.5905503Z","early_steady","12","12","k6_progress","8.534","79.451","1453569.792","25330.67"
"2026-08-17T17:27:36.6041553Z","early_steady","12","12","k6_progress","13.466","79.466","1552585.237","1499.829"
"2026-08-17T17:27:38.6078318Z","early_steady","12","12","k6_progress","9.385","79.49","79283.693","1037.6"
"2026-08-17T17:27:40.6196097Z","early_steady","12","12","k6_progress","15.433","79.55","723814.048","988.101"
"2026-08-17T17:27:42.6199924Z","early_steady","12","12","k6_progress","13.749","79.175","12812725.776","945.809"
"2026-08-17T17:27:44.6328892Z","early_steady","12","12","k6_progress","27.888","78.931","305958.634","1227.022"
"2026-08-17T17:27:46.6446446Z","early_steady","12","12","k6_progress","7.889","78.939","588928.578","4962.141"
"2026-08-17T17:27:48.6566265Z","early_steady","12","12","k6_progress","17.862","78.956","235540.659","881.744"
"2026-08-17T17:27:50.6714108Z","early_steady","12","12","k6_progress","8.879","78.898","969845.574","1211.472"
"2026-08-17T17:27:52.6906159Z","early_steady","12","12","k6_progress","11.1","78.921","746173.062","722.712"
"2026-08-17T17:27:54.7003865Z","early_steady","12","12","k6_progress","9.421","78.91","730076.618","930.857"
"2026-08-17T17:27:56.7011829Z","early_steady","12","12","k6_progress","11.959","78.906","632734.55","5265.928"
"2026-08-17T17:27:58.7141650Z","early_steady","12","12","k6_progress","6.307","78.903","287178.496","936.815"
"2026-08-17T17:28:00.7418325Z","early_steady","12","12","k6_progress","9.085","78.919","1526479.346","719.581"
"2026-08-17T17:28:02.7451968Z","early_steady","12","12","k6_progress","13.661","78.834","645104.826","844.3"
"2026-08-17T17:28:04.7623241Z","early_steady","12","12","k6_progress","9.617","78.926","499645.338","16814.067"
"2026-08-17T17:28:06.7754976Z","early_steady","12","12","k6_progress","6.166","78.967","410047.623","1223.808"
"2026-08-17T17:28:08.7834195Z","early_steady","12","12","k6_progress","12.952","78.875","66134.999","926.868"
"2026-08-17T17:28:10.7973785Z","early_steady","12","12","k6_progress","7.395","78.928","726702.551","727.199"
"2026-08-17T17:28:12.8123553Z","early_steady","12","12","k6_progress","23.682","78.993","1451222.037","2919.028"
"2026-08-17T17:28:14.8189304Z","early_steady","12","12","k6_progress","10.758","78.851","365281.901","373.139"
"2026-08-17T17:28:16.8264634Z","early_steady","12","12","k6_progress","10.215","78.885","410732.445","514.01"
"2026-08-17T17:28:18.8410249Z","early_steady","12","12","k6_progress","6.912","78.914","355613.718","294.271"
"2026-08-17T17:28:20.8427315Z","early_steady","12","12","k6_progress","24.21","78.91","649284.297","18356.751"
"2026-08-17T17:28:22.8487226Z","early_steady","12","12","k6_progress","10.207","78.925","1510582.021","854.572"
"2026-08-17T17:28:24.8579804Z","early_steady","12","12","k6_progress","7.931","78.949","320365.544","615.75"
"2026-08-17T17:28:26.8711812Z","early_steady","12","12","k6_progress","17.768","78.893","316649.24","239.85"
"2026-08-17T17:28:28.8851079Z","early_steady","12","12","k6_progress","7.009","78.908","571323.516","1389.18"
"2026-08-17T17:28:30.8957745Z","early_steady","12","12","k6_progress","9.958","78.957","1265962.745","812.563"
"2026-08-17T17:28:32.9137343Z","early_steady","12","12","k6_progress","9.6","78.913","321480.925","431.676"
"2026-08-17T17:28:34.9298719Z","early_steady","12","12","k6_progress","12.852","78.833","229750.056","242.395"
"2026-08-17T17:28:36.9354776Z","early_steady","12","12","k6_progress","13.72","79.044","422580.957","1056.927"
"2026-08-17T17:28:38.9360768Z","early_steady","12","12","k6_progress","21.022","79.211","546020.9","10379.818"
"2026-08-17T17:28:40.9567349Z","early_steady","12","12","k6_progress","8.372","79.245","689127.529","239.677"
"2026-08-17T17:28:42.9613927Z","early_steady","12","12","k6_progress","8.502","79.308","924598.523","239.199"
"2026-08-17T17:28:44.9708491Z","early_steady","12","12","k6_progress","10.187","79.229","340427.866","455.192"
"2026-08-17T17:28:46.9805342Z","early_steady","12","12","k6_progress","10.398","79.209","621466.791","4353.77"
"2026-08-17T17:28:48.9898717Z","early_steady","12","12","k6_progress","12.909","79.195","221502.732","668.327"
"2026-08-17T17:28:50.9946342Z","early_steady","12","12","k6_progress","9.86","79.114","1224402.212","851.163"
"2026-08-17T17:28:53.0081597Z","early_steady","12","12","k6_progress","7.997","79.128","668283.545","446.608"
"2026-08-17T17:28:55.0228975Z","early_steady","12","12","k6_progress","5.532","79.136","551807.221","239.28"
"2026-08-17T17:28:57.0354355Z","early_steady","12","12","k6_progress","11.969","79.155","808046.95","839.986"
"2026-08-17T17:28:59.0509788Z","early_steady","12","12","k6_progress","10.106","79.192","1072765.067","239.966"
"2026-08-17T17:29:01.0677371Z","early_steady","12","12","k6_progress","31.373","79.182","544259.387","360.291"
"2026-08-17T17:29:03.0874485Z","early_steady","12","12","k6_progress","20.791","79.152","42624073.868","5440.059"
"2026-08-17T17:29:05.0952293Z","early_steady","12","12","k6_progress","12.148","79.249","8167.943","7307.477"
"2026-08-17T17:29:07.1088039Z","early_steady","12","12","k6_progress","19.212","79.235","4799414.239","638.084"
"2026-08-17T17:29:09.1096690Z","early_steady","12","12","k6_progress","15.8","79.2","559237.005","415.577"
"2026-08-17T17:29:11.1104018Z","early_steady","12","12","k6_progress","9.239","79.217","630438.477","241.085"
"2026-08-17T17:29:13.1117759Z","early_steady","12","12","k6_progress","9.023","79.177","231911.698","240.383"
"2026-08-17T17:29:15.1191722Z","early_steady","12","12","k6_progress","10.666","79.047","1275651.466","240.985"
"2026-08-17T17:29:17.1305235Z","early_steady","12","12","k6_progress","15.193","79.118","11379279.218","585.502"
"2026-08-17T17:29:19.1404108Z","early_steady","12","12","k6_progress","14.125","79.116","123560.079","359.025"
"2026-08-17T17:29:21.1440496Z","early_steady","12","12","k6_progress","12.647","79.085","1135826.382","785.19"
"2026-08-17T17:29:23.1554899Z","early_steady","12","12","k6_progress","12.049","79.082","500638.909","515.265"
"2026-08-17T17:29:25.1617890Z","early_steady","12","12","k6_progress","15.981","79.091","140714.769","786.524"
"2026-08-17T17:29:27.1715743Z","early_steady","12","12","k6_progress","8.85","79.084","361977.255","240.296"
"2026-08-17T17:29:29.1753549Z","early_steady","12","12","k6_progress","8.763","79.067","327260.33","239.075"
"2026-08-17T17:29:31.1923730Z","early_steady","12","12","k6_progress","8.196","79.059","1567778.644","361.473"
"2026-08-17T17:29:33.2079489Z","early_steady","12","12","k6_progress","7.872","79.029","494544.403","5007.309"
"2026-08-17T17:29:35.2184324Z","early_steady","12","12","k6_progress","10.72","79.169","266829.681","27696.918"
"2026-08-17T17:29:37.2308096Z","early_steady","12","12","k6_progress","5.047","79.168","786530.242","594.272"
"2026-08-17T17:29:39.2445679Z","early_steady","12","12","k6_progress","6.544","79.06","144363.616","457.935"
"2026-08-17T17:29:41.2519440Z","early_steady","12","12","k6_progress","10.161","79.115","274667.684","23382.477"
"2026-08-17T17:29:43.2684072Z","early_steady","12","12","k6_progress","17.922","79.142","1541039.484","407.996"
"2026-08-17T17:29:45.2799839Z","early_steady","12","12","k6_progress","18.642","79.216","2706670.524","865.749"
"2026-08-17T17:29:47.2956768Z","early_steady","12","12","k6_progress","14.748","79.133","9368480.847","5122.002"
"2026-08-17T17:29:49.3096361Z","early_steady","12","12","k6_progress","10.42","79.118","1362884.815","241.899"
"2026-08-17T17:29:51.3100858Z","early_steady","12","12","k6_progress","12.116","79.049","1048905.758","1146.681"
"2026-08-17T17:29:53.3172351Z","early_steady","12","12","k6_progress","9.391","79.02","1086749.907","635.276"
"2026-08-17T17:29:55.3372370Z","early_steady","12","12","k6_progress","10.507","79.104","2269845.141","176.37"
"2026-08-17T17:29:57.3434560Z","early_steady","12","12","k6_progress","6.61","79.067","1881705.112","581.551"
"2026-08-17T17:29:59.3481443Z","early_steady","12","12","k6_progress","9.322","79.087","1642736.989","241.433"
"2026-08-17T17:30:01.3524156Z","early_steady","12","12","k6_progress","11.957","79.078","1718353.059","240.009"
"2026-08-17T17:30:03.3653545Z","early_steady","12","12","k6_progress","12.354","79.075","1598068.852","5012.552"
"2026-08-17T17:30:05.3793991Z","early_steady","12","12","k6_progress","18.968","78.936","966066.678","240.072"
"2026-08-17T17:30:07.3800422Z","early_steady","12","12","k6_progress","10.214","78.944","481685.661","84754.934"
"2026-08-17T17:30:09.3874684Z","early_steady","12","12","k6_progress","7.256","78.981","845232.888","539.336"
"2026-08-17T17:30:11.4040942Z","early_steady","12","12","k6_progress","8.346","79.032","1155658.037","185.777"
"2026-08-17T17:30:13.4195968Z","early_steady","12","12","k6_progress","6.405","78.955","1689860.839","240.073"
"2026-08-17T17:30:15.4422770Z","early_steady","12","12","k6_progress","8.093","78.838","855036.026","286.284"
"2026-08-17T17:30:17.4504952Z","early_steady","12","12","k6_progress","21.414","79.002","1400474.6","4197.359"
"2026-08-17T17:30:19.4515049Z","early_steady","12","12","k6_progress","15.937","78.982","824473.563","357.735"
"2026-08-17T17:30:21.4653247Z","early_steady","12","12","k6_progress","24.657","78.883","1233524.242","66913.354"
"2026-08-17T17:30:23.4703102Z","early_steady","12","12","k6_progress","14.604","78.85","1175821.203","324.402"
"2026-08-17T17:30:25.4815160Z","early_steady","12","12","k6_progress","11.956","78.863","420612.199","1146.522"
"2026-08-17T17:30:27.4962920Z","early_steady","12","12","k6_progress","7.471","78.86","675044.183","325.151"
"2026-08-17T17:30:29.5061418Z","early_steady","12","12","k6_progress","11.985","78.867","989135.647","8291.095"
"2026-08-17T17:30:31.5188877Z","early_steady","12","12","k6_progress","5.763","78.845","1361014.205","664.309"
"2026-08-17T17:30:33.5294797Z","early_steady","12","12","k6_progress","13.027","78.835","1068137.309","5046.309"
"2026-08-17T17:30:35.5503904Z","early_steady","12","12","k6_progress","6.829","78.901","1339655.23","175.431"
"2026-08-17T17:30:37.5639480Z","early_steady","12","12","k6_progress","18.941","78.838","1885294.768","408.359"
"2026-08-17T17:30:39.5804668Z","early_steady","12","12","k6_progress","10.077","78.944","1182373.255","6846.556"
"2026-08-17T17:30:41.5950763Z","early_steady","12","12","k6_progress","10.926","78.937","701614.403","241.005"
"2026-08-17T17:30:43.6076635Z","early_steady","12","12","k6_progress","8.628","78.936","576785.367","240.619"
"2026-08-17T17:30:45.6199512Z","early_steady","12","12","k6_progress","11.124","78.712","886010.686","239.85"
"2026-08-17T17:30:47.6297865Z","early_steady","12","12","k6_progress","6.989","78.642","1025804.483","4724.714"
"2026-08-17T17:30:49.6297782Z","early_steady","12","12","k6_progress","17.414","78.694","10639223.169","239.701"
"2026-08-17T17:30:51.6467724Z","early_steady","12","12","k6_progress","16.64","78.648","5071822.823","914.499"
"2026-08-17T17:30:53.6594165Z","early_steady","12","12","k6_progress","16.078","78.702","4405270.705","28087.474"
"2026-08-17T17:30:55.6678202Z","early_steady","12","12","k6_progress","23.53","78.734","1856455.606","518.556"
"2026-08-17T17:30:57.6693376Z","early_steady","12","12","k6_progress","11.083","78.664","7431901.74","437.451"
"2026-08-17T17:30:59.6730235Z","early_steady","12","12","k6_progress","18.548","79.374","133832893.492","520.722"
"2026-08-17T17:31:01.6814511Z","early_steady","12","12","k6_progress","15.642","79.366","11916205.394","421.381"
"2026-08-17T17:31:03.6992709Z","early_steady","12","12","k6_progress","17.308","79.366","4801425.567","5069.883"
"2026-08-17T17:31:05.7006407Z","early_steady","12","12","k6_progress","15.415","79.487","6190402.243","185.674"
"2026-08-17T17:31:07.7087103Z","middle_steady","12","12","k6_progress","17.397","79.514","871542.816","705.268"
"2026-08-17T17:31:09.7245945Z","middle_steady","12","12","k6_progress","17.45","79.374","736765.508","510.548"
"2026-08-17T17:31:11.7421996Z","middle_steady","12","12","k6_progress","15.691","79.413","2607127.826","599.535"
"2026-08-17T17:31:13.7492747Z","middle_steady","12","12","k6_progress","16.928","79.391","1803427.193","15335.057"
"2026-08-17T17:31:15.7528254Z","middle_steady","12","12","k6_progress","26.084","78.729","213916542.698","457.33"
"2026-08-17T17:31:17.7714002Z","middle_steady","12","12","k6_progress","18.001","78.819","19033340.769","304.013"
"2026-08-17T17:31:19.7860544Z","middle_steady","12","12","k6_progress","18.707","78.835","13118687.485","457.544"
"2026-08-17T17:31:21.8039599Z","middle_steady","12","12","k6_progress","38.5","78.963","9660935.403","18566.191"
"2026-08-17T17:31:23.8052999Z","middle_steady","12","12","k6_progress","23.702","78.779","2491317.614","359.005"
"2026-08-17T17:31:25.8075603Z","middle_steady","12","12","k6_progress","22.33","78.757","1525397.651","239.293"
"2026-08-17T17:31:27.8106817Z","middle_steady","12","12","k6_progress","15.832","78.649","130282.446","583.756"
"2026-08-17T17:31:29.8184444Z","middle_steady","12","12","k6_progress","14.045","78.67","814152.012","175.794"
"2026-08-17T17:31:31.8279253Z","middle_steady","12","12","k6_progress","11.019","78.746","705336.511","237.79"
"2026-08-17T17:31:33.8488509Z","middle_steady","12","12","k6_progress","17.972","78.856","8289336.688","5000.235"
"2026-08-17T17:31:35.8630055Z","middle_steady","12","12","k6_progress","26.002","78.855","7425434.477","172019.895"
"2026-08-17T17:31:37.8797972Z","middle_steady","12","12","k6_progress","20.053","78.889","711138.8","710.737"
"2026-08-17T17:31:39.8852984Z","middle_steady","12","12","k6_progress","8.962","79.008","332074.954","11101.644"
"2026-08-17T17:31:41.9135528Z","middle_steady","12","12","k6_progress","12.899","78.941","257549.317","8500.742"
"2026-08-17T17:31:43.9271143Z","middle_steady","12","12","k6_progress","9.283","78.883","791909.748","296.367"
"2026-08-17T17:31:45.9453860Z","middle_steady","12","12","k6_progress","16.29","78.922","238783.936","309.576"
"2026-08-17T17:31:47.9523978Z","middle_steady","12","12","k6_progress","14.716","78.922","943230.277","758.044"
"2026-08-17T17:31:49.9639314Z","middle_steady","12","12","k6_progress","6.864","78.875","312691.223","641.46"
"2026-08-17T17:31:51.9717030Z","middle_steady","12","12","k6_progress","18.359","78.903","274822.413","1182.68"
"2026-08-17T17:31:53.9773925Z","middle_steady","12","12","k6_progress","17.995","78.851","496463.165","363.62"
"2026-08-17T17:31:55.9943134Z","middle_steady","12","12","k6_progress","10.249","78.913","1940751.272","774.087"
"2026-08-17T17:31:58.0099018Z","middle_steady","12","12","k6_progress","9.23","78.871","335481.164","362.578"
"2026-08-17T17:32:00.0128602Z","middle_steady","12","12","k6_progress","19.365","78.952","696409.416","358.565"
"2026-08-17T17:32:02.0239161Z","middle_steady","12","12","k6_progress","10.304","78.935","16315.353","1456.87"
"2026-08-17T17:32:04.0253401Z","middle_steady","12","12","k6_progress","12.555","78.958","1463465.217","5534.023"
"2026-08-17T17:32:06.0303419Z","middle_steady","12","12","k6_progress","9.956","78.945","156161.191","6739.856"
"2026-08-17T17:32:08.0368089Z","middle_steady","12","12","k6_progress","15.184","78.95","297763.353","462.861"
"2026-08-17T17:32:10.0442499Z","middle_steady","12","12","k6_progress","10.123","78.852","412503.338","238.352"
"2026-08-17T17:32:12.0586811Z","middle_steady","12","12","k6_progress","12.714","78.762","1236403.518","630.347"
"2026-08-17T17:32:14.0729612Z","middle_steady","12","12","k6_progress","14.12","78.724","545679.339","2223.714"
"2026-08-17T17:32:16.0860406Z","middle_steady","12","12","k6_progress","13.798","78.728","465291.056","239.307"
"2026-08-17T17:32:18.0900479Z","middle_steady","12","12","k6_progress","21.685","79.023","2104310.564","1863.336"
"2026-08-17T17:32:20.0923755Z","middle_steady","12","12","k6_progress","19.019","79.578","265723.506","544.694"
"2026-08-17T17:32:22.1059496Z","middle_steady","12","12","k6_progress","21.873","79.578","1183317.715","22842.702"
"2026-08-17T17:32:24.1190091Z","middle_steady","12","12","k6_progress","35.138","79.745","770728.601","158374.622"
"2026-08-17T17:32:26.1231492Z","middle_steady","12","12","k6_progress","37.508","79.468","878888.32","23125.007"
"2026-08-17T17:32:28.1263638Z","middle_steady","12","12","k6_progress","17.245","79.293","651962.216","121800.006"
"2026-08-17T17:32:30.1346554Z","middle_steady","12","12","k6_progress","34.403","79.32","776805.508","48420.863"
"2026-08-17T17:32:32.1467006Z","middle_steady","12","12","k6_progress","21.508","79.342","688571.404","35192.319"
"2026-08-17T17:32:34.1536139Z","middle_steady","12","12","k6_progress","12.832","79.402","268918.034","6801.836"
"2026-08-17T17:32:36.1634972Z","middle_steady","12","12","k6_progress","10.805","79.363","69546.645","457.439"
"2026-08-17T17:32:38.1767332Z","middle_steady","12","12","k6_progress","29.807","79.283","622536.409","829.737"
"2026-08-17T17:32:40.1827121Z","middle_steady","12","12","k6_progress","16.134","79.15","917060.55","3495.696"
"2026-08-17T17:32:42.1974851Z","middle_steady","12","12","k6_progress","40.146","79.112","244405.011","30379.294"
"2026-08-17T17:32:44.1986272Z","middle_steady","12","12","k6_progress","28.437","79.107","1782356.633","4247.042"
"2026-08-17T17:32:46.2054641Z","middle_steady","12","12","k6_progress","19.598","79.179","464874.837","1060.433"
"2026-08-17T17:32:48.2270124Z","middle_steady","12","12","k6_progress","16.176","79.164","924896.781","666.721"
"2026-08-17T17:32:50.2408901Z","middle_steady","12","12","k6_progress","27.731","79.193","418670.252","56977.45"
"2026-08-17T17:32:52.2562152Z","middle_steady","12","12","k6_progress","19.978","79.059","124866.878","22129.728"
"2026-08-17T17:32:54.2639365Z","middle_steady","12","12","k6_progress","17.25","79.053","1532427.315","362.035"
"2026-08-17T17:32:56.2833773Z","middle_steady","12","12","k6_progress","17.126","79.019","344637.606","450.075"
"2026-08-17T17:32:58.2964736Z","middle_steady","12","12","k6_progress","14.019","79.073","1182166.201","240.637"
"2026-08-17T17:33:00.3025379Z","middle_steady","12","12","k6_progress","17.53","79.061","1354593.568","1134.15"
"2026-08-17T17:33:02.3153419Z","middle_steady","12","12","k6_progress","17.26","79.038","144952.726","14357.762"
"2026-08-17T17:33:04.3191481Z","middle_steady","12","12","k6_progress","13.179","79.107","1102556.05","456.336"
"2026-08-17T17:33:06.3421885Z","middle_steady","12","12","k6_progress","33.418","79.027","789851.625","7253.558"
"2026-08-17T17:33:08.3445907Z","middle_steady","12","12","k6_progress","13.656","78.961","324462.143","30719.907"
"2026-08-17T17:33:10.3542345Z","middle_steady","12","12","k6_progress","13.054","78.985","672044.16","10371.42"
"2026-08-17T17:33:12.3631097Z","middle_steady","12","12","k6_progress","10.238","78.968","332916.618","547.822"
"2026-08-17T17:33:14.3761645Z","middle_steady","12","12","k6_progress","52.666","79.126","689951.049","13649.868"
"2026-08-17T17:33:16.3851306Z","middle_steady","12","12","k6_progress","40.189","79.008","740603.704","30903.763"
"2026-08-17T17:33:18.3884173Z","middle_steady","12","12","k6_progress","15.566","78.99","1628084.164","407.468"
"2026-08-17T17:33:20.4031798Z","middle_steady","12","12","k6_progress","15.062","78.936","360394.062","239.245"
"2026-08-17T17:33:22.4277978Z","middle_steady","12","12","k6_progress","17.356","78.855","254735.345","2217.167"
"2026-08-17T17:33:24.4404684Z","middle_steady","12","12","k6_progress","10.907","78.857","318564.214","2846.867"
"2026-08-17T17:33:26.4578477Z","middle_steady","12","12","k6_progress","10.899","78.802","1065568.827","672.308"
"2026-08-17T17:33:28.4733971Z","middle_steady","12","12","k6_progress","10.766","78.728","932299.324","2521.013"
"2026-08-17T17:33:30.4865862Z","middle_steady","12","12","k6_progress","8.676","78.704","1219781.7","8122.043"
"2026-08-17T17:33:32.4898200Z","middle_steady","12","12","k6_progress","14.77","78.74","167695.876","362.481"
"2026-08-17T17:33:34.5017190Z","middle_steady","12","12","k6_progress","6.572","78.784","626152.072","241.596"
"2026-08-17T17:33:36.5112883Z","middle_steady","12","12","k6_progress","16.074","78.94","505578.394","459.559"
"2026-08-17T17:33:38.5160519Z","middle_steady","12","12","k6_progress","17.468","79.135","629291.85","1009.571"
"2026-08-17T17:33:40.5171399Z","middle_steady","12","12","k6_progress","13.702","79.185","1053498.98","23805.328"
"2026-08-17T17:33:42.5256254Z","middle_steady","12","12","k6_progress","8.628","79.178","225191.233","373.606"
"2026-08-17T17:33:44.5517914Z","middle_steady","12","12","k6_progress","11.621","79.017","366987.602","666.001"
"2026-08-17T17:33:46.5649642Z","middle_steady","12","12","k6_progress","10.772","78.913","695449.179","241.342"
"2026-08-17T17:33:48.5769670Z","middle_steady","12","12","k6_progress","12.236","78.769","1150046.192","23184.83"
"2026-08-17T17:33:50.5858309Z","middle_steady","12","12","k6_progress","8.223","78.769","424901.759","667.517"
"2026-08-17T17:33:52.5954638Z","middle_steady","12","12","k6_progress","9.223","78.767","207500.909","347.663"
"2026-08-17T17:33:54.6041600Z","middle_steady","12","12","k6_progress","13.626","78.844","1449123.629","237.991"
"2026-08-17T17:33:56.6095823Z","middle_steady","12","12","k6_progress","8.939","78.84","377904.758","296.843"
"2026-08-17T17:33:58.6199660Z","middle_steady","12","12","k6_progress","6.753","78.845","829772.472","238.563"
"2026-08-17T17:34:00.6301856Z","middle_steady","12","12","k6_progress","5.809","78.825","220038.896","457.619"
"2026-08-17T17:34:02.6453772Z","middle_steady","12","12","k6_progress","14.967","78.858","252055.857","615.865"
"2026-08-17T17:34:04.6511676Z","middle_steady","12","12","k6_progress","12.448","78.918","815463.397","307.749"
"2026-08-17T17:34:06.6618313Z","middle_steady","12","12","k6_progress","13.298","78.895","949985.864","463.86"
"2026-08-17T17:34:08.6672918Z","middle_steady","12","12","k6_progress","13.293","78.927","595708.282","390.165"
"2026-08-17T17:34:10.6790904Z","middle_steady","12","12","k6_progress","17.165","78.898","319556.805","293.244"
"2026-08-17T17:34:12.6830246Z","middle_steady","12","12","k6_progress","16.217","79.086","461508.258","10162.849"
"2026-08-17T17:34:14.7056519Z","middle_steady","12","12","k6_progress","13.932","79.06","593331.246","238.268"
"2026-08-17T17:34:16.7236492Z","middle_steady","12","12","k6_progress","17.847","79.583","349171.589","456.645"
"2026-08-17T17:34:18.7433470Z","middle_steady","12","12","k6_progress","20.194","79.251","2021124.941","10654.897"
"2026-08-17T17:34:20.7573152Z","middle_steady","12","12","k6_progress","30.034","79.29","411726.246","240401.737"
"2026-08-17T17:34:22.7637259Z","middle_steady","12","12","k6_progress","24.048","79.301","688904.296","55518.114"
"2026-08-17T17:34:24.7712783Z","middle_steady","12","12","k6_progress","32.651","79.232","862024.952","2156.453"
"2026-08-17T17:34:26.7758575Z","middle_steady","12","12","k6_progress","33.001","79.207","280353.501","5042.165"
"2026-08-17T17:34:28.7780993Z","middle_steady","12","12","k6_progress","56.263","79.434","245587.517","73872.052"
"2026-08-17T17:34:30.7878091Z","middle_steady","12","12","k6_progress","34.432","79.382","818284.905","16599.347"
"2026-08-17T17:34:32.7894206Z","middle_steady","12","12","k6_progress","22.478","79.465","116797.508","140371.56"
"2026-08-17T17:34:34.7942379Z","middle_steady","12","12","k6_progress","15.5","79.22","226805.702","14203.043"
"2026-08-17T17:34:36.7980961Z","middle_steady","12","12","k6_progress","20.188","79.071","850755.386","27236.352"
"2026-08-17T17:34:38.8166662Z","middle_steady","12","12","k6_progress","21.027","79.059","472148.73","4121.173"
"2026-08-17T17:34:40.8318643Z","middle_steady","12","12","k6_progress","19.398","79.016","443640.77","58169.089"
"2026-08-17T17:34:42.8427970Z","middle_steady","12","12","k6_progress","13.604","78.896","278156.911","692.873"
"2026-08-17T17:34:44.8538355Z","middle_steady","12","12","k6_progress","13.439","78.804","782539.539","120.637"
"2026-08-17T17:34:46.8616320Z","middle_steady","12","12","k6_progress","17.156","78.703","236434.886","4077.289"
"2026-08-17T17:34:48.8793155Z","middle_steady","12","12","k6_progress","13.648","78.722","407927.793","418.86"
"2026-08-17T17:34:50.8877019Z","middle_steady","12","12","k6_progress","10.67","78.675","393355.791","121.201"
"2026-08-17T17:34:52.9114316Z","middle_steady","12","12","k6_progress","19.23","78.721","1666196.924","259.306"
"2026-08-17T17:34:54.9231511Z","middle_steady","12","12","k6_progress","29.908","78.805","154328.337","121.17"
"2026-08-17T17:34:56.9327128Z","middle_steady","12","12","k6_progress","30.499","79.427","9095637.298","85906.047"
"2026-08-17T17:34:58.9391191Z","middle_steady","12","12","k6_progress","11.991","79.509","823282.436","29480.168"
"2026-08-17T17:35:00.9555873Z","middle_steady","12","12","k6_progress","21.528","79.866","916964.736","26387.41"
"2026-08-17T17:35:02.9739901Z","middle_steady","12","12","k6_progress","13.839","79.668","2002512.658","28087.96"
"2026-08-17T17:35:04.9887694Z","middle_steady","12","12","k6_progress","19.859","79.383","353517.112","633.007"
"2026-08-17T17:35:06.9996355Z","late_steady","12","12","k6_progress","47.58","79.673","24691851.509","255063.374"
"2026-08-17T17:35:09.0036013Z","late_steady","12","12","k6_progress","24.887","79.413","8509456.225","83329.202"
"2026-08-17T17:35:11.0164760Z","late_steady","12","12","k6_progress","20.219","79.385","1357061.161","14918.557"
"2026-08-17T17:35:13.0254700Z","late_steady","12","12","k6_progress","20.435","79.208","9376180.519","34596.318"
"2026-08-17T17:35:15.0317425Z","late_steady","12","12","k6_progress","22.782","79.162","665699.543","295.59"
"2026-08-17T17:35:17.0481474Z","late_steady","12","12","k6_progress","19.135","78.862","1224504.898","5702.769"
"2026-08-17T17:35:19.0617238Z","late_steady","12","12","k6_progress","20.021","79.01","421078.246","17112.477"
"2026-08-17T17:35:21.0649440Z","late_steady","12","12","k6_progress","40.874","79.023","666530.73","1577.66"
"2026-08-17T17:35:23.0664424Z","late_steady","12","12","k6_progress","19.193","78.992","724765.348","16193.581"
"2026-08-17T17:35:25.0722482Z","late_steady","12","12","k6_progress","20.151","78.986","768830.612","173.799"
"2026-08-17T17:35:27.0792139Z","late_steady","12","12","k6_progress","19.01","78.842","475535.293","21207.968"
"2026-08-17T17:35:29.0877267Z","late_steady","12","12","k6_progress","16.721","78.952","19819135.639","656.721"
"2026-08-17T17:35:31.0970165Z","late_steady","12","12","k6_progress","10.778","78.917","704176.057","376.617"
"2026-08-17T17:35:33.1009686Z","late_steady","12","12","k6_progress","19.363","78.938","586794.632","1141.065"
"2026-08-17T17:35:35.1117630Z","late_steady","12","12","k6_progress","16.898","78.817","9355898.914","44645.746"
"2026-08-17T17:35:37.1261326Z","late_steady","12","12","k6_progress","16.681","78.719","1138030.447","849.217"
"2026-08-17T17:35:39.1343081Z","late_steady","12","12","k6_progress","30.227","78.924","996698.682","2524.829"
"2026-08-17T17:35:41.1417850Z","late_steady","12","12","k6_progress","13.729","78.999","653359.218","16350.929"
"2026-08-17T17:35:43.1458442Z","late_steady","12","12","k6_progress","17.218","78.9","63822.247","293.825"
"2026-08-17T17:35:45.1624924Z","late_steady","12","12","k6_progress","15.583","78.943","719081.521","6264.743"
"2026-08-17T17:35:47.1776342Z","late_steady","12","12","k6_progress","14.24","78.965","337495.977","33906.647"
"2026-08-17T17:35:49.1851884Z","late_steady","12","12","k6_progress","17.873","78.943","741875.304","2000.872"
"2026-08-17T17:35:51.2121576Z","late_steady","12","12","k6_progress","14.503","78.87","1391682.522","2580.123"
"2026-08-17T17:35:53.2191015Z","late_steady","12","12","k6_progress","9.51","78.928","359899.549","668.981"
"2026-08-17T17:35:55.2272152Z","late_steady","12","12","k6_progress","12.123","78.897","1126525.044","252842.065"
"2026-08-17T17:35:57.2288612Z","late_steady","12","12","k6_progress","12.775","78.47","696954.537","824.426"
"2026-08-17T17:35:59.2413029Z","late_steady","12","12","k6_progress","9.472","78.502","657755.111","946.552"
"2026-08-17T17:36:01.2475473Z","late_steady","12","12","k6_progress","10.278","78.458","146315.621","584.535"
"2026-08-17T17:36:03.2495885Z","late_steady","12","12","k6_progress","10.823","78.55","374896.378","188.084"
"2026-08-17T17:36:05.2650011Z","late_steady","12","12","k6_progress","12.264","78.62","255287.445","108850.633"
"2026-08-17T17:36:07.2777189Z","late_steady","12","12","k6_progress","13.668","78.618","269142.113","604.319"
"2026-08-17T17:36:09.2987828Z","late_steady","12","12","k6_progress","18.884","78.608","873681.894","714.701"
"2026-08-17T17:36:11.3127704Z","late_steady","12","12","k6_progress","19.029","78.61","182955.922","718.664"
"2026-08-17T17:36:13.3243720Z","late_steady","12","12","k6_progress","29.065","78.579","396828.686","10400.495"
"2026-08-17T17:36:15.3300996Z","late_steady","12","12","k6_progress","11.98","78.525","1650101.921","219993.997"
"2026-08-17T17:36:17.3415555Z","late_steady","12","12","k6_progress","12.086","78.539","169915.388","808.673"
"2026-08-17T17:36:19.3496467Z","late_steady","12","12","k6_progress","9.311","78.552","567592.303","455.771"
"2026-08-17T17:36:21.3630658Z","late_steady","12","12","k6_progress","15.054","78.574","1922082.868","2519.19"
"2026-08-17T17:36:23.3731273Z","late_steady","12","12","k6_progress","15.952","78.523","473434.468","447.36"
"2026-08-17T17:36:25.3853608Z","late_steady","12","12","k6_progress","13.454","78.521","92996.534","539.966"
"2026-08-17T17:36:27.3853573Z","late_steady","12","12","k6_progress","20.304","78.495","8907674.245","21781.916"
"2026-08-17T17:36:29.4001973Z","late_steady","12","12","k6_progress","8.629","78.486","480817.64","738.435"
"2026-08-17T17:36:31.4039467Z","late_steady","12","12","k6_progress","6.784","78.465","312548.141","14894.872"
"2026-08-17T17:36:33.4178111Z","late_steady","12","12","k6_progress","15.976","78.424","142348.67","502.43"
"2026-08-17T17:36:35.4263675Z","late_steady","12","12","k6_progress","9.073","78.4","1285104.537","807.167"
"2026-08-17T17:36:37.4310053Z","late_steady","12","12","k6_progress","6.748","78.401","256937.107","845.345"
"2026-08-17T17:36:39.4362250Z","late_steady","12","12","k6_progress","46.311","83.449","584481.141","204119.106"
"2026-08-17T17:36:41.4429293Z","late_steady","12","12","k6_progress","55.325","82.182","799291.287","17208.047"
"2026-08-17T17:36:43.4464921Z","late_steady","12","12","k6_progress","38.72","79.377","271021.962","13313.637"
"2026-08-17T17:36:45.4561793Z","late_steady","12","12","k6_progress","23.13","79.426","538417.002","5429.261"
"2026-08-17T17:36:47.4713165Z","late_steady","12","12","k6_progress","16.966","79.358","300076.943","8144.115"
"2026-08-17T17:36:49.4854421Z","late_steady","12","12","k6_progress","23.418","79.494","927765.406","738.862"
"2026-08-17T17:36:51.5005237Z","late_steady","12","12","k6_progress","44.093","79.081","20763406.029","262760.381"
"2026-08-17T17:36:53.5222767Z","late_steady","12","12","k6_progress","16.913","79.097","1483136.014","525.604"
"2026-08-17T17:36:55.5346529Z","late_steady","12","12","k6_progress","10.929","79.116","264112.985","1376.252"
"2026-08-17T17:36:57.5463131Z","late_steady","12","12","k6_progress","13.589","79.114","329603.642","570.355"
"2026-08-17T17:36:59.5642875Z","late_steady","12","12","k6_progress","16.25","79.135","689067.429","5627.034"
"2026-08-17T17:37:01.5701966Z","late_steady","12","12","k6_progress","12.805","79.181","1043059.176","5618.494"
"2026-08-17T17:37:03.5740528Z","late_steady","12","12","k6_progress","15.13","79.068","205097.699","4656.759"
"2026-08-17T17:37:05.5814730Z","late_steady","12","12","k6_progress","23.092","79.101","780507.379","486.834"
"2026-08-17T17:37:07.5965900Z","late_steady","12","12","k6_progress","10.622","79.08","739713.138","847.789"
"2026-08-17T17:37:09.6157620Z","late_steady","12","12","k6_progress","27.213","79.022","1131097.918","846.109"
"2026-08-17T17:37:11.6197096Z","late_steady","12","12","k6_progress","8.498","78.986","12281.849","746.626"
"2026-08-17T17:37:13.6261436Z","late_steady","12","12","k6_progress","11.198","79.012","689772.563","743.701"
"2026-08-17T17:37:15.6376491Z","late_steady","12","12","k6_progress","8.532","78.904","354301.022","660.178"
"2026-08-17T17:37:17.6510966Z","late_steady","12","12","k6_progress","13.341","78.599","553822.058","571.137"
"2026-08-17T17:37:19.6657572Z","late_steady","12","12","k6_progress","7.382","78.553","420537.368","14174.419"
"2026-08-17T17:37:21.6782256Z","late_steady","12","12","k6_progress","25.603","78.725","1846235.245","17087.934"
"2026-08-17T17:37:23.6831510Z","late_steady","12","12","k6_progress","8.86","78.702","68334.398","17531.102"
"2026-08-17T17:37:25.6980839Z","late_steady","12","12","k6_progress","13.786","78.72","403455.365","5211.312"
"2026-08-17T17:37:27.7102183Z","late_steady","12","12","k6_progress","12.402","78.682","1005275.317","462.922"
"2026-08-17T17:37:29.7160191Z","late_steady","12","12","k6_progress","26.051","78.729","510943.592","722.884"
"2026-08-17T17:37:31.7294298Z","late_steady","12","12","k6_progress","8.758","78.746","1469842.604","1180.09"
"2026-08-17T17:37:33.7415189Z","late_steady","12","12","k6_progress","15.447","78.773","176056.172","4995.326"
"2026-08-17T17:37:35.7490037Z","late_steady","12","12","k6_progress","12.484","78.812","792969.689","241.964"
"2026-08-17T17:37:37.7539314Z","late_steady","12","12","k6_progress","10.925","78.776","325723.024","11430.325"
"2026-08-17T17:37:39.7698367Z","late_steady","12","12","k6_progress","16.243","78.818","1024833.511","8331.664"
"2026-08-17T17:37:41.7879795Z","late_steady","12","12","k6_progress","15.617","78.935","609932.844","858.803"
"2026-08-17T17:37:43.8066463Z","late_steady","12","12","k6_progress","13.836","78.893","1359707.109","5417.623"
"2026-08-17T17:37:45.8220822Z","late_steady","12","12","k6_progress","11.656","78.841","8163.586","450.432"
"2026-08-17T17:37:47.8383652Z","late_steady","12","12","k6_progress","13.764","78.834","501741.331","932.063"
"2026-08-17T17:37:49.8527565Z","late_steady","12","12","k6_progress","6.366","78.694","529999.233","175.18"
"2026-08-17T17:37:51.8597406Z","late_steady","12","12","k6_progress","10.062","78.596","1014863.584","508.449"
"2026-08-17T17:37:53.8687409Z","late_steady","12","12","k6_progress","11.412","78.622","300625.606","243.309"
"2026-08-17T17:37:55.8790358Z","late_steady","12","12","k6_progress","12.31","78.596","690952.526","1285.823"
"2026-08-17T17:37:57.8861372Z","late_steady","12","12","k6_progress","6.878","78.587","766597.621","306.62"
"2026-08-17T17:37:59.8902855Z","late_steady","12","12","k6_progress","13.434","78.645","188653.584","2815.904"
"2026-08-17T17:38:01.9142088Z","late_steady","12","12","k6_progress","12.167","78.596","280426.049","9388.415"
"2026-08-17T17:38:03.9163829Z","late_steady","12","12","k6_progress","16.354","78.881","2766117.901","32486.375"
"2026-08-17T17:38:05.9244486Z","late_steady","12","12","k6_progress","25.609","79.021","73127.245","5104.069"
"2026-08-17T17:38:07.9302805Z","late_steady","12","12","k6_progress","26.55","79.068","734600.575","351030.013"
"2026-08-17T17:38:09.9425702Z","late_steady","12","12","k6_progress","12.807","79.023","1246041.591","3083.638"
"2026-08-17T17:38:11.9497535Z","late_steady","12","12","k6_progress","16.338","79.03","642878.272","3795.787"
"2026-08-17T17:38:13.9638279Z","late_steady","12","12","k6_progress","12.395","78.988","286395.955","16631.059"
"2026-08-17T17:38:15.9639176Z","late_steady","12","12","k6_progress","11.546","78.87","487589.102","3865.658"
"2026-08-17T17:38:17.9878868Z","late_steady","12","12","k6_progress","18.041","78.875","302613.789","3539.302"
"2026-08-17T17:38:20.0077755Z","late_steady","12","12","k6_progress","9.969","78.881","815746.883","3132.536"
"2026-08-17T17:38:22.0133724Z","late_steady","12","12","k6_progress","14.889","78.863","900797.995","3323.036"
"2026-08-17T17:38:24.0212068Z","late_steady","12","12","k6_progress","14.548","78.883","790001.854","25783.206"
"2026-08-17T17:38:26.0262685Z","late_steady","12","12","k6_progress","26.384","79.08","537127.455","24345.169"
"2026-08-17T17:38:28.0383163Z","late_steady","12","12","k6_progress","16.585","79.105","284156.454","4828.44"
"2026-08-17T17:38:30.0540569Z","late_steady","12","12","k6_progress","19.549","79.133","286670.801","4770.702"
"2026-08-17T17:38:32.0672022Z","late_steady","12","12","k6_progress","54.402","79.357","21712166.875","18911.998"
"2026-08-17T17:38:34.0819396Z","late_steady","12","12","k6_progress","37.478","79.363","284828653.004","86105.505"
"2026-08-17T17:38:36.0887833Z","late_steady","12","12","k6_progress","17.421","79.355","169056438.3","15027.648"
"2026-08-17T17:38:38.0979230Z","late_steady","12","12","k6_progress","37.312","79.589","10255740.166","33019.296"
"2026-08-17T17:38:40.1068248Z","late_steady","12","12","k6_progress","37","79.956","24088433.574","38559.9"
"2026-08-17T17:38:42.1135342Z","late_steady","12","12","k6_progress","31.165","79.976","6260997.61","27872.935"
"2026-08-17T17:38:44.1193492Z","late_steady","12","12","k6_progress","27.229","79.854","2089142.229","241.076"
"2026-08-17T17:38:46.1264015Z","late_steady","12","12","k6_progress","34.133","80.013","2797130.102","327.35"
"2026-08-17T17:38:48.1340363Z","late_steady","12","12","k6_progress","22.544","79.936","107993376.482","927.381"
"2026-08-17T17:38:50.1416522Z","late_steady","12","12","k6_progress","27.434","80.053","7496104.715","451.427"
"2026-08-17T17:38:52.1530550Z","late_steady","12","12","k6_progress","18.302","79.921","2721751.281","45289.217"
"2026-08-17T17:38:54.1664713Z","late_steady","12","12","k6_progress","30.488","80.468","5309923.574","93153.305"
"2026-08-17T17:38:56.1761861Z","late_steady","12","12","k6_progress","20.623","80.379","31549391.407","3705.741"
"2026-08-17T17:38:58.1875747Z","late_steady","12","12","k6_progress","28.267","80.326","697034.714","65991.668"
"2026-08-17T17:39:00.1993331Z","late_steady","12","12","k6_progress","10.153","80.274","1719064.015","2508.795"
"2026-08-17T17:39:02.2042845Z","late_steady","12","12","k6_progress","15.812","80.279","756666.587","14651.259"
"2026-08-17T17:39:04.2082302Z","late_steady","12","12","k6_progress","13.643","80.184","4609946.584","155546.778"
"2026-08-17T17:39:06.2082406Z","exit_ramp","12","12","k6_progress","16.215","80.176","1220606.216","70740.36"
"2026-08-17T17:39:08.2186454Z","exit_ramp","12","12","k6_progress","39.682","80.311","18453706.252","72785.067"
"2026-08-17T17:39:10.2315547Z","exit_ramp","11","12","k6_progress","17.284","80.102","396928.974","376.749"
"2026-08-17T17:39:12.2360866Z","exit_ramp","10","11","k6_progress","17.6","79.867","1132977.131","8630.696"
"2026-08-17T17:39:14.2433232Z","exit_ramp","9","10","k6_progress","15.8","79.848","1023490.173","154091.882"
"2026-08-17T17:39:16.2468200Z","exit_ramp","8","10","k6_progress","22.077","79.905","964787.357","27350.367"
"2026-08-17T17:39:18.2547895Z","exit_ramp","8","10","k6_progress","28.379","79.921","978974.167","1686.878"
"2026-08-17T17:39:20.2653613Z","exit_ramp","7","10","k6_progress","22.339","79.816","707910.229","1511.139"
"2026-08-17T17:39:22.2671079Z","exit_ramp","6","9","k6_progress","18.156","79.824","1992269.923","19090.965"
"2026-08-17T17:39:24.2737053Z","exit_ramp","5","9","k6_progress","33.13","79.87","520258.584","1583.295"
"2026-08-17T17:39:26.2785913Z","exit_ramp","4","9","k6_progress","17.775","79.858","880856.191","1273.368"
"2026-08-17T17:39:28.2826172Z","exit_ramp","4","8","k6_progress","25.857","79.793","667929.955","38936.51"
"2026-08-17T17:39:30.2885881Z","exit_ramp","3","7","k6_progress","15.356","79.62","346319.19","7402.164"
"2026-08-17T17:39:32.2910743Z","exit_ramp","2","6","k6_progress","16.246","79.536","458623.641","2722.801"
"2026-08-17T17:39:34.3040713Z","exit_ramp","1","5","k6_progress","12.237","79.614","491806.003","28227.838"
"2026-08-17T17:39:36.3174947Z","graceful_completion","0","5","k6_progress","25.848","79.639","214412.158","30042.078"
"2026-08-17T17:39:38.3403935Z","graceful_completion","0","5","k6_progress","17.356","79.589","1571500.137","3093.253"
"2026-08-17T17:39:40.3529645Z","graceful_completion","0","5","k6_progress","27.498","79.757","618076.4","25305.899"
"2026-08-17T17:39:42.3678774Z","graceful_completion","0","5","k6_progress","14.226","79.711","142946.194","24338.895"
"2026-08-17T17:39:44.3713019Z","graceful_completion","0","5","k6_progress","16.123","79.574","113802.345","49505.727"
"2026-08-17T17:39:46.3898137Z","graceful_completion","0","5","k6_progress","25.774","79.625","215353.935","57912.052"
"2026-08-17T17:39:48.4042604Z","graceful_completion","0","0","k6_progress","23.812","79.463","2051357.655","22497.523"
"2026-08-17T17:39:50.4164132Z","post_load_recovery","0","","unavailable","16.985","79.415","63736984.457","1927.479"
"2026-08-17T17:39:52.4325768Z","post_load_recovery","0","","unavailable","25.791","79.394","16086.043","34538.258"
"2026-08-17T17:39:54.4609304Z","post_load_recovery","0","","unavailable","30.241","79.279","465134.559","46704.036"
"2026-08-17T17:39:56.4662166Z","post_load_recovery","0","","unavailable","14.261","79.221","121853.204","119.989"
"2026-08-17T17:39:58.4868475Z","post_load_recovery","0","","unavailable","7.911","79.231","218659.694","2458.644"
"2026-08-17T17:40:00.4918216Z","post_load_recovery","0","","unavailable","8.254","79.168","0","267.202"
"2026-08-17T17:40:02.5039856Z","post_load_recovery","0","","unavailable","9.089","79.016","9127.246","4905.3"
"2026-08-17T17:40:04.5101575Z","post_load_recovery","0","","unavailable","9.878","78.941","92349.685","51586.948"
"2026-08-17T17:40:06.5159638Z","post_load_recovery","0","","unavailable","10.393","78.953","93289.998","1726.015"
"2026-08-17T17:40:08.5382182Z","post_load_recovery","0","","unavailable","10.211","78.921","349279.043","170183.564"
"2026-08-17T17:40:10.5470187Z","post_load_recovery","0","","unavailable","17.942","78.978","1028376.171","304124.459"
"2026-08-17T17:40:12.5485101Z","post_load_recovery","0","","unavailable","11.658","78.974","78706.58","3449.801"
"2026-08-17T17:40:14.5539952Z","post_load_recovery","0","","unavailable","17.714","79.083","99658.008","2369.848"
"2026-08-17T17:40:16.5570895Z","post_load_recovery","0","","unavailable","21.402","78.982","42834.529","33009.319"
"2026-08-17T17:40:18.5648538Z","post_load_recovery","0","","unavailable","24.524","79.035","196374.937","24530.019"
"2026-08-17T17:40:20.5709584Z","post_load_recovery","0","","unavailable","16.73","79.012","750917.936","3249.393"
"2026-08-17T17:40:22.5759759Z","post_load_recovery","0","","unavailable","7.813","78.953","0","1585.754"
"2026-08-17T17:40:24.5834937Z","post_load_recovery","0","","unavailable","9.025","79.037","127441.399","8949.901"
"2026-08-17T17:40:26.5908555Z","post_load_recovery","0","","unavailable","11.196","78.988","175949.816","10589.276"
"2026-08-17T17:40:28.6059583Z","post_load_recovery","0","","unavailable","9.701","78.894","618070.612","112353.522"
"2026-08-17T17:40:30.6269531Z","post_load_recovery","0","","unavailable","18.833","78.935","10743524.114","136784.499"
"2026-08-17T17:40:32.6347277Z","post_load_recovery","0","","unavailable","7.255","78.861","9183.942","2568.036"
"2026-08-17T17:40:34.6443194Z","post_load_recovery","0","","unavailable","10.608","78.929","477376.087","5310.921"
"2026-08-17T17:40:36.6521506Z","post_load_recovery","0","","unavailable","11.063","78.995","1233844.819","964.34"
"2026-08-17T17:40:38.6677149Z","post_load_recovery","0","","unavailable","19.161","78.931","1721864.241","361.176"
"2026-08-17T17:40:40.6835800Z","post_load_recovery","0","","unavailable","10.233","78.97","2559146.698","1149.963"
"2026-08-17T17:40:42.6949495Z","post_load_recovery","0","","unavailable","10.16","79.076","3769465.32","651838.365"
"2026-08-17T17:40:44.7040898Z","post_load_recovery","0","","unavailable","15.762","79.09","2449081.938","12607.236"
"2026-08-17T17:40:46.7151288Z","post_load_recovery","0","","unavailable","19.642","79.166","17824848.476","2587.172"
"2026-08-17T17:40:48.7258998Z","post_load_recovery","0","","unavailable","13.39","79.104","216292.418","7420.574"
"2026-08-17T17:40:50.7334103Z","post_load_recovery","0","","unavailable","7.313","79.071","8121.318","26423.032"
"2026-08-17T17:40:52.7364887Z","post_load_recovery","0","","unavailable","11.165","79.085","269474.112","58595.593"
"2026-08-17T17:40:54.7505601Z","post_load_recovery","0","","unavailable","7.786","79.118","33941.103","309.359"
"2026-08-17T17:40:56.7627089Z","post_load_recovery","0","","unavailable","11.518","79.122","60688.111","603.523"
"2026-08-17T17:40:58.7638451Z","post_load_recovery","0","","unavailable","8.101","79.11","487698.81","466.367"
"2026-08-17T17:41:00.7694225Z","post_load_recovery","0","","unavailable","10.563","79.169","316537.271","8521.563"
"2026-08-17T17:41:02.7719901Z","post_load_recovery","0","","unavailable","7.19","79.149","274638.885","2676.016"
"2026-08-17T17:41:04.7814552Z","post_load_recovery","0","","unavailable","10.122","79.232","183080.308","5846.412"
"2026-08-17T17:41:06.7925400Z","post_load_recovery","0","","unavailable","7.585","79.21","40371.409","900.866"
"2026-08-17T17:41:08.7968281Z","post_load_recovery","0","","unavailable","11.964","79.141","0","319600.002"
"2026-08-17T17:41:10.8071941Z","post_load_recovery","0","","unavailable","18.517","79.11","62042.686","70528.04"
"2026-08-17T17:41:12.8253544Z","post_load_recovery","0","","unavailable","23.692","79.17","193753.946","1535.383"
"2026-08-17T17:41:14.8380566Z","post_load_recovery","0","","unavailable","14.147","79.106","357611.831","2460.056"
"2026-08-17T17:41:16.8539957Z","post_load_recovery","0","","unavailable","11.456","79.061","0","41426.027"
"2026-08-17T17:41:18.8548695Z","post_load_recovery","0","","unavailable","9.294","79.146","210891.959","818.774"
"2026-08-17T17:41:20.8650258Z","post_load_recovery","0","","unavailable","9.27","79.035","552571.057","600.129"
"2026-08-17T17:41:22.8682238Z","post_load_recovery","0","","unavailable","12.201","78.945","463930.237","1280.225"
"2026-08-17T17:41:24.8821497Z","post_load_recovery","0","","unavailable","10.418","78.955","455249.493","27738.59"
"2026-08-17T17:41:26.8935833Z","post_load_recovery","0","","unavailable","14.732","78.93","117193.109","8868.357"
"2026-08-17T17:41:28.9087904Z","post_load_recovery","0","","unavailable","14.087","78.801","102950.469","536.532"
"2026-08-17T17:41:30.9163782Z","post_load_recovery","0","","unavailable","12.157","78.854","164927.897","877.79"
"2026-08-17T17:41:32.9175478Z","post_load_recovery","0","","unavailable","9.802","78.835","143788.41","3655.822"
"2026-08-17T17:41:34.9299517Z","post_load_recovery","0","","unavailable","15.566","78.837","20434.219","657.527"
"2026-08-17T17:41:36.9457439Z","post_load_recovery","0","","unavailable","17.571","78.809","756204.986","6147.709"
"2026-08-17T17:41:38.9566212Z","post_load_recovery","0","","unavailable","13.144","78.836","0","2799.283"
"2026-08-17T17:41:40.9753663Z","post_load_recovery","0","","unavailable","26.26","79.021","67470.442","24699.563"
"2026-08-17T17:41:42.9833044Z","post_load_recovery","0","","unavailable","13.393","79.13","69484.193","3787.942"
"2026-08-17T17:41:45.0018820Z","post_load_recovery","0","","unavailable","37.531","79.282","288384.195","20608.396"
"2026-08-17T17:41:47.0181524Z","post_load_recovery","0","","unavailable","52.577","79.332","390263.346","54207.874"
"2026-08-17T17:41:49.0197577Z","post_load_recovery","0","","unavailable","34.371","79.337","894451.573","6127.869"
"2026-08-17T17:41:51.0215504Z","post_load_recovery","0","","unavailable","12.003","79.362","607863.065","7902.268"
