"timestamp_utc","stress_phase","stress_level","target_vus","cpu_percent","committed_memory_percent","disk_bytes_per_second","network_bytes_per_second"
"2026-08-17T12:08:10.3986100Z","transition","transition_1_to_4","4","21.028","90.95","1470155.378","1469.621"
"2026-08-17T12:08:13.6158251Z","transition","transition_1_to_4","4","11.403","90.889","259868.938","4561.096"
"2026-08-17T12:08:15.6914655Z","transition","transition_1_to_4","4","14.619","90.827","726933.275","1680.488"
"2026-08-17T12:08:17.7308213Z","transition","transition_1_to_4","4","17.26","90.674","118441.962","1277583.854"
"2026-08-17T12:08:19.7742146Z","transition","transition_1_to_4","4","13.937","90.628","305178.355","24757.847"
"2026-08-17T12:08:21.8288932Z","transition","transition_1_to_4","4","13.544","90.664","2428060.819","1908.417"
"2026-08-17T12:08:23.8856611Z","transition","transition_1_to_4","4","14.458","90.593","313389.751","1192.587"
"2026-08-17T12:08:25.9536585Z","transition","transition_1_to_4","4","10.857","90.618","1243305.818","75781.038"
"2026-08-17T12:08:28.0041214Z","transition","transition_1_to_4","4","13.076","90.634","698760.137","1283440.735"
"2026-08-17T12:08:30.0446598Z","transition","transition_1_to_4","4","10.415","90.564","325126.6","3232.433"
"2026-08-17T12:08:32.0977439Z","transition","transition_1_to_4","4","17.835","90.578","790323.814","4266.15"
"2026-08-17T12:08:34.1515370Z","transition","transition_1_to_4","4","16.006","90.697","1523867.279","896.123"
"2026-08-17T12:08:36.2509339Z","transition","transition_1_to_4","4","22.451","90.671","203198.653","1607.234"
"2026-08-17T12:08:38.3087744Z","transition","transition_1_to_4","4","11.887","90.679","281639.501","9350.315"
"2026-08-17T12:08:40.3514846Z","plateau","baseline_4","4","26.461","90.744","688725.896","3852.838"
"2026-08-17T12:08:42.4023165Z","plateau","baseline_4","4","12.499","90.709","265556.829","996.437"
"2026-08-17T12:08:44.4628575Z","plateau","baseline_4","4","10.922","90.703","326248.301","1523.748"
"2026-08-17T12:08:46.5202154Z","plateau","baseline_4","4","10.085","90.693","8124.643","6828.389"
"2026-08-17T12:08:48.5719792Z","plateau","baseline_4","4","10.573","90.649","566349.856","1275.869"
"2026-08-17T12:08:50.6126388Z","plateau","baseline_4","4","19.508","90.815","36170436.038","1809.204"
"2026-08-17T12:08:52.6823580Z","plateau","baseline_4","4","10.681","90.747","369910.917","946.905"
"2026-08-17T12:08:54.7435591Z","plateau","baseline_4","4","13.734","90.758","4681583.313","14552.496"
"2026-08-17T12:08:56.8072781Z","plateau","baseline_4","4","25.304","90.715","653039.132","6302.597"
"2026-08-17T12:08:58.8688248Z","plateau","baseline_4","4","26.283","90.746","585927.873","1724150.263"
"2026-08-17T12:09:00.9091629Z","plateau","baseline_4","4","27.213","90.73","73793922.442","2724.72"
"2026-08-17T12:09:02.9643566Z","plateau","baseline_4","4","29.013","90.751","12628676.55","48627.623"
"2026-08-17T12:09:05.0270334Z","plateau","baseline_4","4","24.619","91.013","6929571.46","54775.371"
"2026-08-17T12:09:07.0931427Z","plateau","baseline_4","4","52.087","91.329","60181558.266","1160907.732"
"2026-08-17T12:09:09.1553114Z","plateau","baseline_4","4","58.499","91.548","14317804.127","22588.179"
"2026-08-17T12:09:11.2225598Z","plateau","baseline_4","4","27.37","91.516","737102.015","1684928.06"
"2026-08-17T12:09:13.2975726Z","plateau","baseline_4","4","18.501","91.41","1615590.595","1097536.049"
"2026-08-17T12:09:15.3471949Z","plateau","baseline_4","4","20.193","91.461","443846.107","17693.639"
"2026-08-17T12:09:17.4062334Z","plateau","baseline_4","4","16.216","91.379","2560601.33","30834.629"
"2026-08-17T12:09:19.4704647Z","plateau","baseline_4","4","22.974","91.335","15022266.311","39093.712"
"2026-08-17T12:09:21.5223908Z","plateau","baseline_4","4","29.967","91.182","8532167.111","306494.152"
"2026-08-17T12:09:23.5723548Z","plateau","baseline_4","4","71.781","91.399","31091281.532","2015536.761"
"2026-08-17T12:09:25.6088839Z","plateau","baseline_4","4","17.435","91.36","8631635.38","25459.696"
"2026-08-17T12:09:27.6585626Z","plateau","baseline_4","4","23.001","91.195","2570812.833","2595388.956"
"2026-08-17T12:09:29.7180670Z","plateau","baseline_4","4","18.367","91.342","6102684.703","184719.663"
"2026-08-17T12:09:31.7651400Z","plateau","baseline_4","4","16.446","91.381","1565659.773","3027.071"
"2026-08-17T12:09:33.8204130Z","plateau","baseline_4","4","31.236","91.34","1471354.705","953.573"
"2026-08-17T12:09:35.8713120Z","plateau","baseline_4","4","28.597","91.137","268796.495","6475.91"
"2026-08-17T12:09:37.9462275Z","plateau","baseline_4","4","30.644","90.959","3175915.845","2079946.184"
"2026-08-17T12:09:39.9962658Z","plateau","baseline_4","4","38.075","91.196","3797049.406","3708.553"
"2026-08-17T12:09:42.0476631Z","plateau","baseline_4","4","28.277","91.184","4272328.229","167620.92"
"2026-08-17T12:09:44.1288010Z","plateau","baseline_4","4","43.906","91.369","16395733.582","1698.565"
"2026-08-17T12:09:46.2017185Z","plateau","baseline_4","4","65.57","91.408","2024578.304","18092.287"
"2026-08-17T12:09:48.2468829Z","plateau","baseline_4","4","34.406","91.409","999691.841","1910.269"
"2026-08-17T12:09:50.3184064Z","plateau","baseline_4","4","45.433","91.365","453007024.893","11011.391"
"2026-08-17T12:09:52.4019999Z","plateau","baseline_4","4","33.122","91.223","18560632.609","404549.775"
"2026-08-17T12:09:54.4403936Z","plateau","baseline_4","4","31.017","91.267","1101719.218","909.042"
"2026-08-17T12:09:56.5066289Z","plateau","baseline_4","4","21.071","91.281","829124.565","256115.095"
"2026-08-17T12:09:58.5436402Z","plateau","baseline_4","4","14.325","91.222","138068.877","1644.862"
"2026-08-17T12:10:00.5723478Z","plateau","baseline_4","4","23.194","91.245","15265492.354","1552.302"
"2026-08-17T12:10:02.6156085Z","plateau","baseline_4","4","42.623","91.29","4716514.238","1470163.718"
"2026-08-17T12:10:04.6739978Z","plateau","baseline_4","4","32.412","91.364","14811996.276","22374.284"
"2026-08-17T12:10:06.7199234Z","plateau","baseline_4","4","38.809","91.382","4629612.898","38188.282"
"2026-08-17T12:10:08.8062050Z","plateau","baseline_4","4","18.219","91.297","1246521.893","2533.864"
"2026-08-17T12:10:10.8637514Z","plateau","baseline_4","4","41.176","91.355","2204659.274","4195844.491"
"2026-08-17T12:10:12.9106442Z","plateau","baseline_4","4","31.062","91.638","15986214.818","18136.637"
"2026-08-17T12:10:14.9637623Z","plateau","baseline_4","4","30.714","91.685","628977.707","1068.023"
"2026-08-17T12:10:17.0263443Z","plateau","baseline_4","4","14.128","91.421","406912.038","622.193"
"2026-08-17T12:10:19.0740498Z","plateau","baseline_4","4","35.816","91.338","1655070.87","1209692.021"
"2026-08-17T12:10:21.1136449Z","plateau","baseline_4","4","29.54","91.302","258260.7","2438536.581"
"2026-08-17T12:10:23.1488511Z","plateau","baseline_4","4","28.609","91.326","13405777.386","1786.662"
"2026-08-17T12:10:25.2065783Z","plateau","baseline_4","4","28.248","91.367","1123412.939","20411.938"
"2026-08-17T12:10:27.2582914Z","plateau","baseline_4","4","27.903","91.417","249424.179","2635203.39"
"2026-08-17T12:10:29.2918535Z","plateau","baseline_4","4","12.232","91.268","82993.827","17186.269"
"2026-08-17T12:10:31.3362197Z","plateau","baseline_4","4","10.832","91.268","535457.014","13514.525"
"2026-08-17T12:10:33.3646037Z","plateau","baseline_4","4","21.426","91.188","845512.302","901.208"
"2026-08-17T12:10:35.4226459Z","plateau","baseline_4","4","12.902","91.228","567313.918","1987.334"
"2026-08-17T12:10:37.4824731Z","plateau","baseline_4","4","11.987","91.215","750731.484","9924.381"
"2026-08-17T12:10:39.5138308Z","plateau","baseline_4","4","22.975","91.268","482886.877","3988560.076"
"2026-08-17T12:10:41.5666863Z","transition","transition_4_to_8","8","20.383","91.582","1124531.607","30042.835"
"2026-08-17T12:10:43.6101325Z","transition","transition_4_to_8","8","19.786","91.577","655622.331","3067.853"
"2026-08-17T12:10:45.6741349Z","transition","transition_4_to_8","8","15.915","91.439","811708.163","1738.822"
"2026-08-17T12:10:47.7244895Z","transition","transition_4_to_8","8","20.452","91.597","542918.149","13296.916"
"2026-08-17T12:10:49.7689108Z","transition","transition_4_to_8","8","25.877","91.429","1257799.363","177447.677"
"2026-08-17T12:10:51.8308274Z","transition","transition_4_to_8","8","32.085","91.7","555467.024","4351.508"
"2026-08-17T12:10:53.8633460Z","transition","transition_4_to_8","8","42.225","91.334","974112.815","1863679.694"
"2026-08-17T12:10:55.9182541Z","transition","transition_4_to_8","8","10.465","91.233","625639.321","36517.94"
"2026-08-17T12:10:57.9816776Z","transition","transition_4_to_8","8","14.317","91.234","343507.387","2983.823"
"2026-08-17T12:11:00.0279207Z","transition","transition_4_to_8","8","21.809","91.379","268025.805","794682.394"
"2026-08-17T12:11:02.1209895Z","transition","transition_4_to_8","8","39.578","91.31","685712.832","2396.402"
"2026-08-17T12:11:04.1936900Z","transition","transition_4_to_8","8","20.898","91.273","18389235.263","200923.42"
"2026-08-17T12:11:06.2363409Z","transition","transition_4_to_8","8","21.67","91.48","1027958.349","13192.813"
"2026-08-17T12:11:08.3056804Z","transition","transition_4_to_8","8","20.912","91.377","1066914.929","1863152.369"
"2026-08-17T12:11:10.3589931Z","plateau","anchor_8","8","28.306","91.582","527140.416","16327.176"
"2026-08-17T12:11:12.4687349Z","plateau","anchor_8","8","24.227","91.434","367390.066","118145.047"
"2026-08-17T12:11:14.5222922Z","plateau","anchor_8","8","13.651","91.427","652455.316","14988.036"
"2026-08-17T12:11:16.5765777Z","plateau","anchor_8","8","30.827","91.62","770216.282","12858.428"
"2026-08-17T12:11:18.6428921Z","plateau","anchor_8","8","33.888","91.63","441269.445","9449.899"
"2026-08-17T12:11:20.7121231Z","plateau","anchor_8","8","11.067","91.438","985761.229","690.634"
"2026-08-17T12:11:22.7513152Z","plateau","anchor_8","8","22.697","91.408","571786.6","1279.446"
"2026-08-17T12:11:24.7829959Z","plateau","anchor_8","8","12.216","91.389","199723.915","481661.391"
"2026-08-17T12:11:26.8186871Z","plateau","anchor_8","8","14.342","91.405","749594.395","1216.913"
"2026-08-17T12:11:28.8849418Z","plateau","anchor_8","8","10.308","91.315","260478.009","1356.325"
"2026-08-17T12:11:30.9304069Z","plateau","anchor_8","8","11.415","91.266","425941.896","997.706"
"2026-08-17T12:11:32.9731471Z","plateau","anchor_8","8","10.29","91.269","140897.672","1224.599"
"2026-08-17T12:11:35.0225691Z","plateau","anchor_8","8","11.464","91.21","10500479.724","883.493"
"2026-08-17T12:11:37.0738820Z","plateau","anchor_8","8","15.725","91.204","1290028.271","1897.613"
"2026-08-17T12:11:39.1426886Z","plateau","anchor_8","8","8.848","91.193","103810.332","2076.009"
"2026-08-17T12:11:41.1834373Z","plateau","anchor_8","8","12.834","91.189","529753.15","1115.631"
"2026-08-17T12:11:43.2348559Z","plateau","anchor_8","8","16.793","91.173","484750.229","1030.758"
"2026-08-17T12:11:45.2729443Z","plateau","anchor_8","8","14.408","91.225","138310.474","16219.183"
"2026-08-17T12:11:47.3246032Z","plateau","anchor_8","8","26.079","91.124","1806585.981","180211.252"
"2026-08-17T12:11:49.3931851Z","plateau","anchor_8","8","45.73","91.311","259581.207","1471860.615"
"2026-08-17T12:11:51.4529632Z","plateau","anchor_8","8","10.558","91.266","229957.173","3006.737"
"2026-08-17T12:11:53.5089879Z","plateau","anchor_8","8","59.554","93.117","1128355.938","65650.54"
"2026-08-17T12:11:55.5888321Z","plateau","anchor_8","8","34.749","94.391","581744.926","1520.53"
"2026-08-17T12:11:57.6439080Z","plateau","anchor_8","8","35.113","95.201","25637809.583","2188.754"
"2026-08-17T12:11:59.6948462Z","plateau","anchor_8","8","17.081","95.244","649689.352","1743.652"
"2026-08-17T12:12:01.7464205Z","plateau","anchor_8","8","45.995","95.664","24765989.469","630862.605"
"2026-08-17T12:12:03.8039513Z","plateau","anchor_8","8","25.263","95.597","4751572.531","1448.728"
"2026-08-17T12:12:05.8360061Z","plateau","anchor_8","8","19.614","95.681","2347565.482","734.611"
"2026-08-17T12:12:07.8754565Z","plateau","anchor_8","8","22.474","95.661","1774460.974","30620.716"
"2026-08-17T12:12:09.9206724Z","plateau","anchor_8","8","36.541","91.918","830989.046","23190.767"
"2026-08-17T12:12:11.9712863Z","plateau","anchor_8","8","41.544","91.803","299428251.414","2558355.817"
"2026-08-17T12:12:14.0424940Z","plateau","anchor_8","8","21.693","91.811","3521619.067","3853.631"
"2026-08-17T12:12:16.1112239Z","plateau","anchor_8","8","28.626","91.793","1277588.545","1955940.419"
"2026-08-17T12:12:18.1667736Z","plateau","anchor_8","8","18.755","91.818","825315.044","22831.216"
"2026-08-17T12:12:20.2258516Z","plateau","anchor_8","8","27.574","91.857","615639.205","562726.802"
"2026-08-17T12:12:22.2962418Z","plateau","anchor_8","8","17.126","91.772","1194979.104","7529.366"
"2026-08-17T12:12:24.3394105Z","plateau","anchor_8","8","21.802","91.649","965102.924","110860.535"
"2026-08-17T12:12:26.3923394Z","plateau","anchor_8","8","10.572","91.62","92368.091","6056.074"
"2026-08-17T12:12:28.4539084Z","plateau","anchor_8","8","14.714","91.616","787809.139","789.656"
"2026-08-17T12:12:30.5200135Z","plateau","anchor_8","8","41.396","91.797","2777802.882","197442.562"
"2026-08-17T12:12:32.6233394Z","plateau","anchor_8","8","27.191","91.93","1845072.787","25131.263"
"2026-08-17T12:12:34.7140674Z","plateau","anchor_8","8","24.515","91.939","2062466.768","5847.5"
"2026-08-17T12:12:36.7654034Z","plateau","anchor_8","8","19.41","91.949","1271888.726","513829.916"
"2026-08-17T12:12:38.8163827Z","plateau","anchor_8","8","18.766","91.785","486268.07","22785.91"
"2026-08-17T12:12:40.8758030Z","plateau","anchor_8","8","12.093","91.623","641575.355","8166.196"
"2026-08-17T12:12:42.9463067Z","plateau","anchor_8","8","20.431","91.598","3220817.698","1125.183"
"2026-08-17T12:12:44.9865260Z","plateau","anchor_8","8","12.207","91.483","317135.489","2685.082"
"2026-08-17T12:12:47.0142770Z","plateau","anchor_8","8","25.582","91.485","8818054.146","532558.089"
"2026-08-17T12:12:49.0818578Z","plateau","anchor_8","8","25.568","91.592","1256395.854","42010.095"
"2026-08-17T12:12:51.1416635Z","plateau","anchor_8","8","18.262","91.492","418549.361","50140.693"
"2026-08-17T12:12:53.1925738Z","plateau","anchor_8","8","19.438","91.512","82814.077","43492.973"
"2026-08-17T12:12:55.2539644Z","plateau","anchor_8","8","16.41","91.38","966468.864","553175.841"
"2026-08-17T12:12:57.3025159Z","plateau","anchor_8","8","14.847","91.409","581159.795","53291.055"
"2026-08-17T12:12:59.3538141Z","plateau","anchor_8","8","17.118","91.25","547747.533","36377.84"
"2026-08-17T12:13:01.4078036Z","plateau","anchor_8","8","11.802","91.259","2195303.21","43058.664"
"2026-08-17T12:13:03.4461896Z","plateau","anchor_8","8","17.29","91.294","272963.73","1584.505"
"2026-08-17T12:13:05.4885564Z","plateau","anchor_8","8","21.751","91.366","796366.783","1576.235"
"2026-08-17T12:13:07.5404253Z","plateau","anchor_8","8","22.316","91.402","387816.623","25354.995"
"2026-08-17T12:13:09.6232761Z","plateau","anchor_8","8","27.609","91.272","182401.573","17292.128"
"2026-08-17T12:13:11.6877747Z","transition","transition_8_to_12","12","27.872","91.45","1236086.442","16256.218"
"2026-08-17T12:13:13.7452979Z","transition","transition_8_to_12","12","29.699","91.788","1777284.796","8701.556"
"2026-08-17T12:13:15.7936932Z","transition","transition_8_to_12","12","15.616","91.635","1530387.899","266227.241"
"2026-08-17T12:13:17.8424770Z","transition","transition_8_to_12","12","31.99","91.699","9616123.971","1177503.267"
"2026-08-17T12:13:19.8891967Z","transition","transition_8_to_12","12","60.412","91.779","627112.571","905725.082"
"2026-08-17T12:13:21.9746126Z","transition","transition_8_to_12","12","19.383","91.698","915291.314","329680.963"
"2026-08-17T12:13:24.0343727Z","transition","transition_8_to_12","12","15.37","91.668","547223.887","58891.386"
"2026-08-17T12:13:26.0836566Z","transition","transition_8_to_12","12","14.023","91.668","985167.768","883.884"
"2026-08-17T12:13:28.1206478Z","transition","transition_8_to_12","12","30.278","91.597","1052113.635","37115.375"
"2026-08-17T12:13:30.1802943Z","transition","transition_8_to_12","12","16.105","91.73","270843.588","9738.25"
"2026-08-17T12:13:32.2386607Z","transition","transition_8_to_12","12","23.759","91.6","831581.294","543943.219"
"2026-08-17T12:13:34.2952449Z","transition","transition_8_to_12","12","13.512","91.663","532155.857","3477.352"
"2026-08-17T12:13:36.3409040Z","transition","transition_8_to_12","12","6.1","91.624","108034.185","4706.184"
"2026-08-17T12:13:38.3936946Z","transition","transition_8_to_12","12","19.699","91.657","1767384.799","11803.991"
"2026-08-17T12:13:40.4432594Z","plateau","level_12","12","11.109","91.66","259869.584","2739.826"
"2026-08-17T12:13:42.5136881Z","plateau","level_12","12","11.626","91.651","277828.539","797.991"
"2026-08-17T12:13:44.5499729Z","plateau","level_12","12","21.187","91.625","434136.434","1704.792"
"2026-08-17T12:13:46.5903067Z","plateau","level_12","12","13.892","91.633","544351.004","1092.939"
"2026-08-17T12:13:48.6488720Z","plateau","level_12","12","10.166","91.603","359954.142","679.034"
"2026-08-17T12:13:50.6807941Z","plateau","level_12","12","16.781","91.627","410320.852","3800.677"
"2026-08-17T12:13:52.7208215Z","plateau","level_12","12","27.097","91.668","267255.876","1393.924"
"2026-08-17T12:13:54.7860793Z","plateau","level_12","12","16.023","91.636","927458.093","1013.498"
"2026-08-17T12:13:56.8285430Z","plateau","level_12","12","10.774","91.598","366643.754","5447.519"
"2026-08-17T12:13:58.8710182Z","plateau","level_12","12","14.379","91.612","634569.968","851.59"
"2026-08-17T12:14:00.9212946Z","plateau","level_12","12","37.632","91.911","23411167.683","9842.524"
"2026-08-17T12:14:02.9920242Z","plateau","level_12","12","30.442","92.183","5567374.234","8409.121"
"2026-08-17T12:14:05.0446717Z","plateau","level_12","12","30.748","92.14","1298270.291","522138.146"
"2026-08-17T12:14:07.1106277Z","plateau","level_12","12","15.848","92.058","211136.176","6321.436"
"2026-08-17T12:14:09.1659591Z","plateau","level_12","12","15.895","92.03","761255.023","557.683"
"2026-08-17T12:14:11.2019186Z","plateau","level_12","12","12.194","92.071","1033582.236","11820.524"
"2026-08-17T12:14:13.2487256Z","plateau","level_12","12","13.779","92.029","31033687.983","603402.553"
"2026-08-17T12:14:15.2943417Z","plateau","level_12","12","31.62","92.219","17972419.388","76188.416"
"2026-08-17T12:14:17.3454539Z","plateau","level_12","12","19.037","92.124","27099481.896","16899.978"
"2026-08-17T12:14:19.4049411Z","plateau","level_12","12","34.7","92.186","23163613.901","31938.388"
"2026-08-17T12:14:21.4623551Z","plateau","level_12","12","25.61","92.222","1806208.129","423211.45"
"2026-08-17T12:14:23.5246494Z","plateau","level_12","12","15.492","92.2","1025439.561","658126.673"
"2026-08-17T12:14:25.6001565Z","plateau","level_12","12","16.944","92.155","8922074.577","162444.493"
"2026-08-17T12:14:27.6569689Z","plateau","level_12","12","10.072","92.166","404017.614","50296.006"
"2026-08-17T12:14:29.7125028Z","plateau","level_12","12","20.132","92.196","1447606.826","23777.447"
"2026-08-17T12:14:31.7590292Z","plateau","level_12","12","14.831","92.063","4509215.888","314503.776"
"2026-08-17T12:14:33.8333660Z","plateau","level_12","12","36.886","92.084","101172100.411","981.002"
"2026-08-17T12:14:35.8920600Z","plateau","level_12","12","35.51","92.226","9572712.374","2401.311"
"2026-08-17T12:14:37.9384716Z","plateau","level_12","12","26.865","92.135","4620788.647","14329.911"
"2026-08-17T12:14:39.9841055Z","plateau","level_12","12","25.101","92.223","5191082.166","1889.464"
"2026-08-17T12:14:42.0327227Z","plateau","level_12","12","49.675","92.386","20988395.831","444.21"
"2026-08-17T12:14:44.0944289Z","plateau","level_12","12","39.99","92.21","2242441.353","15969.506"
"2026-08-17T12:14:46.1600124Z","plateau","level_12","12","38.414","92.127","2708454.254","1306.755"
"2026-08-17T12:14:48.2186412Z","plateau","level_12","12","38.821","92.094","798323.502","1175.097"
"2026-08-17T12:14:50.3099424Z","plateau","level_12","12","46.169","92.058","20364350.002","749.761"
"2026-08-17T12:14:52.3824261Z","plateau","level_12","12","54.302","92.124","10624504.084","702.872"
"2026-08-17T12:14:54.4909105Z","plateau","level_12","12","42.81","92.136","2239321.799","1094.643"
"2026-08-17T12:14:56.5987015Z","plateau","level_12","12","33.619","92.117","359633.076","4902.04"
"2026-08-17T12:14:58.6404298Z","plateau","level_12","12","38.616","92.21","26286903.084","23639.066"
"2026-08-17T12:15:00.6784181Z","plateau","level_12","12","27.287","92.488","42488761.24","27194.671"
"2026-08-17T12:15:02.7390317Z","plateau","level_12","12","18.774","92.379","7664042.618","782829.602"
"2026-08-17T12:15:04.8096459Z","plateau","level_12","12","17.871","92.034","1579954.109","599682.106"
"2026-08-17T12:15:06.8531449Z","plateau","level_12","12","34.873","92.011","240131.099","5740.356"
"2026-08-17T12:15:08.8907491Z","plateau","level_12","12","25.333","92.068","4033961.205","550.187"
"2026-08-17T12:15:10.9683169Z","plateau","level_12","12","12.13","92.027","621577.382","17057.352"
"2026-08-17T12:15:13.0242732Z","plateau","level_12","12","17.819","92.032","1834102.508","48193.796"
"2026-08-17T12:15:15.0820227Z","plateau","level_12","12","22.84","91.914","1521524.801","40987.996"
"2026-08-17T12:15:17.1417461Z","plateau","level_12","12","23.675","91.911","1713128.86","80002.066"
"2026-08-17T12:15:19.1963894Z","plateau","level_12","12","25.038","91.97","1411707.132","85256.621"
"2026-08-17T12:15:21.2205186Z","plateau","level_12","12","18.197","91.925","943842.648","71776.873"
"2026-08-17T12:15:23.2741029Z","plateau","level_12","12","19.63","91.997","3673799.843","26423.991"
"2026-08-17T12:15:25.3125008Z","plateau","level_12","12","16.808","91.922","3689695.247","41573.822"
"2026-08-17T12:15:27.3385552Z","plateau","level_12","12","30.731","91.899","2722958.475","36880.438"
"2026-08-17T12:15:29.3951408Z","plateau","level_12","12","23.52","92.062","2556698.21","36652.33"
"2026-08-17T12:15:31.4527295Z","plateau","level_12","12","18.631","92.031","613386.588","32605.11"
"2026-08-17T12:15:33.5164237Z","plateau","level_12","12","23.002","92.103","812860.035","71848.797"
"2026-08-17T12:15:35.6086581Z","plateau","level_12","12","17.093","92.101","11562734.055","3336.551"
"2026-08-17T12:15:37.6688201Z","plateau","level_12","12","21.206","92.072","1228552.206","69245.884"
"2026-08-17T12:15:39.7104074Z","plateau","level_12","12","24.395","92.135","9283377.125","36538.787"
"2026-08-17T12:15:41.7636836Z","transition","transition_12_to_16","16","14.581","92.128","1430883.975","21645.632"
"2026-08-17T12:15:43.8259892Z","transition","transition_12_to_16","16","12.483","92.075","600719.798","35799.981"
"2026-08-17T12:15:45.8688262Z","transition","transition_12_to_16","16","18.901","92.138","625320.272","1066.654"
"2026-08-17T12:15:47.9042546Z","transition","transition_12_to_16","16","25.03","92.187","683476.458","896.526"
"2026-08-17T12:15:49.9619098Z","transition","transition_12_to_16","16","19.042","92.104","5484832.505","16776.95"
"2026-08-17T12:15:52.0171284Z","transition","transition_12_to_16","16","18.531","92.096","2019571.9","380.642"
"2026-08-17T12:15:54.0786586Z","transition","transition_12_to_16","16","22.063","92.108","1922970.033","685.052"
"2026-08-17T12:15:56.1337892Z","transition","transition_12_to_16","16","24.262","92.121","2187588.041","5643.568"
"2026-08-17T12:15:58.2048215Z","transition","transition_12_to_16","16","41.914","92.148","1531053.304","452.689"
"2026-08-17T12:16:00.2584095Z","transition","transition_12_to_16","16","44.448","91.943","1887912.862","676.158"
"2026-08-17T12:16:02.3215059Z","transition","transition_12_to_16","16","13.686","91.888","1823331.954","1322.418"
"2026-08-17T12:16:04.3682812Z","transition","transition_12_to_16","16","23.047","91.985","1061417.499","680.477"
"2026-08-17T12:16:06.4328386Z","transition","transition_12_to_16","16","31.638","91.903","2606085.746","1076.923"
"2026-08-17T12:16:08.5042883Z","transition","transition_12_to_16","16","25.145","91.922","1674943.245","3302.003"
"2026-08-17T12:16:10.5438364Z","plateau","level_16","16","18.992","91.976","850855.506","4923.562"
"2026-08-17T12:16:12.5849911Z","plateau","level_16","16","21.444","92.006","1677513.605","438.363"
"2026-08-17T12:16:14.6565129Z","plateau","level_16","16","21.299","91.939","1220746.142","2139.931"
"2026-08-17T12:16:16.7359105Z","plateau","level_16","16","36.113","91.959","1090808.341","447.004"
"2026-08-17T12:16:18.7933001Z","plateau","level_16","16","46.076","92.069","4579536.485","1024646.099"
"2026-08-17T12:16:20.8786605Z","plateau","level_16","16","54.862","92.318","2104074.778","44625.676"
"2026-08-17T12:16:22.9694984Z","plateau","level_16","16","57.571","92.268","29073429.61","1110.045"
"2026-08-17T12:16:25.0435005Z","plateau","level_16","16","29.944","92.235","25423602.333","18819.728"
"2026-08-17T12:16:27.1095110Z","plateau","level_16","16","43.594","92.411","15419189.032","7046.612"
"2026-08-17T12:16:29.1688518Z","plateau","level_16","16","28.613","92.174","23021812.134","1422774.474"
"2026-08-17T12:16:31.2304224Z","plateau","level_16","16","25.01","92.224","7035826.59","6805.44"
"2026-08-17T12:16:33.3073441Z","plateau","level_16","16","35.809","92.176","7052493.009","24933.673"
"2026-08-17T12:16:35.3646991Z","plateau","level_16","16","33.336","92.141","6089975.904","6341.443"
"2026-08-17T12:16:37.4584640Z","plateau","level_16","16","33.635","92.122","101839507.654","52474.67"
"2026-08-17T12:16:39.4974817Z","plateau","level_16","16","29.026","92.17","138508481.968","8166.109"
"2026-08-17T12:16:41.5705706Z","plateau","level_16","16","23.147","92.003","269912822.929","616.905"
"2026-08-17T12:16:43.6465314Z","plateau","level_16","16","30.448","92.003","60843039.655","3204.688"
"2026-08-17T12:16:45.7218594Z","plateau","level_16","16","35.836","92.257","38970449.362","655601.553"
"2026-08-17T12:16:47.7855312Z","plateau","level_16","16","21.477","92.25","21233118.379","17162.799"
"2026-08-17T12:16:49.8381234Z","plateau","level_16","16","57.497","92.182","57511791.48","1178641.547"
"2026-08-17T12:16:51.9197237Z","plateau","level_16","16","24.74","92.127","47826172.493","2675.428"
"2026-08-17T12:16:54.0263088Z","plateau","level_16","16","38.181","92.13","10246618.603","1155.63"
"2026-08-17T12:16:56.1258527Z","plateau","level_16","16","25.015","92.152","27144303.185","619385.926"
"2026-08-17T12:16:58.2481594Z","plateau","level_16","16","22.877","92.168","22822851.4","851.486"
"2026-08-17T12:17:00.3443761Z","plateau","level_16","16","36.097","92.184","42776450.784","854656.488"
"2026-08-17T12:17:02.5050297Z","plateau","level_16","16","27.55","92.051","18458535.394","1936.097"
"2026-08-17T12:17:04.6058693Z","plateau","level_16","16","28.682","92.06","18120031.823","717.051"
"2026-08-17T12:17:06.7274502Z","plateau","level_16","16","35.118","92.022","123810748.847","192434.107"
"2026-08-17T12:17:08.8678064Z","plateau","level_16","16","34.205","92.095","62247295.265","1025.964"
"2026-08-17T12:17:10.9626654Z","plateau","level_16","16","52.397","92.149","241519667.656","771.513"
"2026-08-17T12:17:13.0385048Z","plateau","level_16","16","73.418","92.478","273039633.056","159650.124"
"2026-08-17T12:17:15.1294544Z","plateau","level_16","16","33.446","92.356","125061133.689","1329.336"
"2026-08-17T12:17:17.2527327Z","plateau","level_16","16","34.568","92.357","120382604.185","2376.872"
"2026-08-17T12:17:19.3691702Z","plateau","level_16","16","34.97","92.223","17565108.096","778.1"
"2026-08-17T12:17:21.4822566Z","plateau","level_16","16","30.681","92.098","876809.3","1338.272"
"2026-08-17T12:17:23.5850759Z","plateau","level_16","16","37.501","92.122","15230161.079","1559.697"
"2026-08-17T12:17:25.7332881Z","plateau","level_16","16","39.899","92.184","9478103.186","2863.408"
"2026-08-17T12:17:27.8427320Z","plateau","level_16","16","22.915","92.21","21009103.192","919.574"
"2026-08-17T12:17:29.9287065Z","plateau","level_16","16","31.786","92.23","1763249.355","625991.036"
"2026-08-17T12:17:32.0077417Z","plateau","level_16","16","18.702","92.233","717751.767","1026.113"
"2026-08-17T12:17:34.0498417Z","plateau","level_16","16","12.782","92.261","267441.375","1090.2"
"2026-08-17T12:17:36.1089131Z","plateau","level_16","16","10.408","92.254","453068.222","1355.251"
"2026-08-17T12:17:38.1599574Z","plateau","level_16","16","12.877","92.284","542562.375","9329.075"
"2026-08-17T12:17:40.1933559Z","plateau","level_16","16","12.355","92.289","803962.179","12288.18"
"2026-08-17T12:17:42.2829989Z","plateau","level_16","16","33.961","92.332","4521049.622","1473763.262"
"2026-08-17T12:17:44.3976935Z","plateau","level_16","16","23.572","91.963","585278.433","1436.586"
"2026-08-17T12:17:46.4891962Z","plateau","level_16","16","14.352","91.926","589551.456","1015.421"
"2026-08-17T12:17:48.5845179Z","plateau","level_16","16","26.231","91.946","867166.841","1069.281"
"2026-08-17T12:17:50.6826670Z","plateau","level_16","16","16.66","91.936","639896.45","1702.551"
"2026-08-17T12:17:52.7246265Z","plateau","level_16","16","15.812","92.018","1137666.121","26981.06"
"2026-08-17T12:17:54.8676411Z","plateau","level_16","16","55.179","92.466","2854316.521","7850.965"
"2026-08-17T12:17:56.9634994Z","plateau","level_16","16","29.754","92.182","7342943.96","23935.946"
"2026-08-17T12:17:59.0115106Z","plateau","level_16","16","32.951","92.199","2484970.674","3564574.185"
"2026-08-17T12:18:01.0751571Z","plateau","level_16","16","21.514","92.212","1675529.407","752028.689"
"2026-08-17T12:18:03.1092865Z","plateau","level_16","16","10.74","92.169","620319.835","2923.166"
"2026-08-17T12:18:05.1641919Z","plateau","level_16","16","19.462","92.206","2434258.654","991299.22"
"2026-08-17T12:18:07.2195727Z","plateau","level_16","16","20.108","92.17","783914.741","5638.481"
"2026-08-17T12:18:09.2600414Z","plateau","level_16","16","24.671","92.157","811686.796","32227.026"
"2026-08-17T12:18:11.3155494Z","transition","transition_16_to_20","20","16.795","92.189","912449.156","428298.634"
"2026-08-17T12:18:13.3673486Z","transition","transition_16_to_20","20","19.023","92.11","715756.993","1823.99"
"2026-08-17T12:18:15.4293200Z","transition","transition_16_to_20","20","11.099","92.09","1394085.041","3520.206"
"2026-08-17T12:18:17.5025383Z","transition","transition_16_to_20","20","15.391","91.99","885496.407","42263.552"
"2026-08-17T12:18:19.5454431Z","transition","transition_16_to_20","20","16.248","92.037","1132660.74","61135.937"
"2026-08-17T12:18:21.5805292Z","transition","transition_16_to_20","20","16.125","92.003","810380.689","1748869.393"
"2026-08-17T12:18:23.6121765Z","transition","transition_16_to_20","20","26.935","92.012","1297392.6","2380.785"
"2026-08-17T12:18:25.6897074Z","transition","transition_16_to_20","20","24.279","92.01","1669265.308","160643.344"
"2026-08-17T12:18:27.7384643Z","transition","transition_16_to_20","20","14.863","91.867","1061081.647","10195.059"
"2026-08-17T12:18:29.7885192Z","transition","transition_16_to_20","20","18.617","91.866","2437307.907","41888.245"
"2026-08-17T12:18:31.8366327Z","transition","transition_16_to_20","20","30.378","92.129","21188714.699","9415.523"
"2026-08-17T12:18:33.9048733Z","transition","transition_16_to_20","20","20.046","91.886","757135.436","1243.88"
"2026-08-17T12:18:35.9659768Z","transition","transition_16_to_20","20","26.505","91.918","868373.222","2609648.342"
"2026-08-17T12:18:38.0477096Z","transition","transition_16_to_20","20","14.012","91.946","750493.65","14045.517"
"2026-08-17T12:18:40.1021943Z","plateau","level_20","20","34.597","91.935","1847530.163","11867.903"
"2026-08-17T12:18:42.1655755Z","plateau","level_20","20","18.041","91.92","1003317.344","6912.167"
"2026-08-17T12:18:44.2048670Z","plateau","level_20","20","23.895","91.885","694994.47","8655.84"
"2026-08-17T12:18:46.2651457Z","plateau","level_20","20","14.671","91.929","1700107.463","1960263.389"
"2026-08-17T12:18:48.3134857Z","plateau","level_20","20","16.438","91.961","1174960.634","3270.104"
"2026-08-17T12:18:50.3653882Z","plateau","level_20","20","16.712","91.944","266977.951","59930.198"
"2026-08-17T12:18:52.4395998Z","plateau","level_20","20","46.969","91.935","562691.531","3381.56"
"2026-08-17T12:18:54.4892714Z","plateau","level_20","20","24.827","92.066","2773220.001","57602.098"
"2026-08-17T12:18:56.5487947Z","plateau","level_20","20","31.229","92.252","16874144.489","19497.081"
"2026-08-17T12:18:58.6158208Z","plateau","level_20","20","26.924","92.307","25333451.253","21175.686"
"2026-08-17T12:19:00.6398587Z","plateau","level_20","20","28.014","92.354","42805751.289","5968.304"
"2026-08-17T12:19:02.6933077Z","plateau","level_20","20","28.673","92.258","24722245.619","11362.9"
"2026-08-17T12:19:04.7393213Z","plateau","level_20","20","28.675","92.275","1601153.087","3545.743"
"2026-08-17T12:19:06.7974809Z","plateau","level_20","20","16.062","92.284","716817.343","6413.856"
"2026-08-17T12:19:08.8365667Z","plateau","level_20","20","19.412","92.322","1209213.001","87870.746"
"2026-08-17T12:19:10.9142006Z","plateau","level_20","20","15.794","92.329","1107505.949","22573.325"
"2026-08-17T12:19:12.9629733Z","plateau","level_20","20","11.918","92.4","726938.996","20146.118"
"2026-08-17T12:19:15.0221043Z","plateau","level_20","20","26.557","92.362","1391168.216","3783.251"
"2026-08-17T12:19:17.0630363Z","plateau","level_20","20","15.692","92.217","1797600.167","4151.447"
"2026-08-17T12:19:19.1225708Z","plateau","level_20","20","15.865","92.244","942648.005","9876.754"
"2026-08-17T12:19:21.1775300Z","plateau","level_20","20","17.198","92.29","752677.602","1362.943"
"2026-08-17T12:19:23.2204848Z","plateau","level_20","20","16.363","92.237","320470.279","190461.457"
"2026-08-17T12:19:25.2708402Z","plateau","level_20","20","32.505","92.446","16069668.618","3536.221"
"2026-08-17T12:19:27.3274572Z","plateau","level_20","20","17.59","92.19","346676.433","2767668.041"
"2026-08-17T12:19:29.3736113Z","plateau","level_20","20","9.891","92.195","1872524.196","5614.688"
"2026-08-17T12:19:31.4232980Z","plateau","level_20","20","31.7","92.201","970019.812","3630.272"
"2026-08-17T12:19:33.5007122Z","plateau","level_20","20","13.046","92.222","1100903.642","5079.766"
"2026-08-17T12:19:35.5590719Z","plateau","level_20","20","13.076","92.24","150504.653","2144.08"
"2026-08-17T12:19:37.6125383Z","plateau","level_20","20","20.915","92.246","1436127.423","30666.188"
"2026-08-17T12:19:39.6655010Z","plateau","level_20","20","25.463","92.356","1405198.575","145599.01"
"2026-08-17T12:19:41.7095864Z","plateau","level_20","20","21.179","92.571","1132338.193","1936710.158"
"2026-08-17T12:19:43.7721901Z","plateau","level_20","20","19.374","92.431","1134623.335","6417.84"
"2026-08-17T12:19:45.8130988Z","plateau","level_20","20","23.97","92.511","1540460.658","3606033.985"
"2026-08-17T12:19:47.8799626Z","plateau","level_20","20","13.161","92.471","339964.437","131097.126"
"2026-08-17T12:19:49.9398326Z","plateau","level_20","20","21.142","92.409","4245579.601","3085863.661"
"2026-08-17T12:19:51.9963412Z","plateau","level_20","20","29.253","92.329","434631.569","500403.669"
"2026-08-17T12:19:54.0431756Z","plateau","level_20","20","26.077","92.326","2864607.75","3365.835"
"2026-08-17T12:19:56.1031703Z","plateau","level_20","20","13.804","92.327","1073162.257","3843.368"
"2026-08-17T12:19:58.1474000Z","plateau","level_20","20","21.843","92.273","648502.913","65962.39"
"2026-08-17T12:20:00.1703055Z","plateau","level_20","20","14.504","92.276","1166341.14","2618.923"
"2026-08-17T12:20:02.2164282Z","plateau","level_20","20","15.981","92.023","1057423.891","2597.143"
"2026-08-17T12:20:04.2676758Z","plateau","level_20","20","15.171","92.12","436792.346","31416.962"
"2026-08-17T12:20:06.3094050Z","plateau","level_20","20","12.298","92.135","1490283.549","17471.195"
"2026-08-17T12:20:08.3672229Z","plateau","level_20","20","18.328","92.158","1168644.223","2531.782"
"2026-08-17T12:20:10.4025206Z","plateau","level_20","20","23.865","92.334","2413693.546","5275.583"
"2026-08-17T12:20:12.4644426Z","plateau","level_20","20","12.862","92.529","4070367.922","2046.341"
"2026-08-17T12:20:14.5193862Z","plateau","level_20","20","16.681","92.486","1814940.719","23355.706"
"2026-08-17T12:20:16.5629790Z","plateau","level_20","20","15.32","92.541","730999.037","1162.016"
"2026-08-17T12:20:18.6065837Z","plateau","level_20","20","34.557","92.563","2555059.129","2733453.331"
"2026-08-17T12:20:20.6740590Z","plateau","level_20","20","20.408","92.742","4360281.23","1121.856"
"2026-08-17T12:20:22.7191996Z","plateau","level_20","20","17.531","92.59","1391424.66","99425.834"
"2026-08-17T12:20:24.7874530Z","plateau","level_20","20","31.889","92.41","365734.641","16529.69"
"2026-08-17T12:20:26.8414381Z","plateau","level_20","20","16.923","92.507","1070633.831","1017099.549"
"2026-08-17T12:20:28.8759948Z","plateau","level_20","20","11.551","92.447","834018.814","2531.385"
"2026-08-17T12:20:30.9320233Z","plateau","level_20","20","22.882","92.389","1069480.628","1806.421"
"2026-08-17T12:20:32.9822183Z","plateau","level_20","20","32.666","92.255","420045.805","17244.371"
"2026-08-17T12:20:35.0319245Z","plateau","level_20","20","19.06","92.269","737109.37","920209.967"
"2026-08-17T12:20:37.0840510Z","plateau","level_20","20","11.201","92.133","568846.04","2771.638"
"2026-08-17T12:20:39.1408953Z","plateau","level_20","20","17.193","92.158","1225655.782","36105.46"
"2026-08-17T12:20:41.1934407Z","transition","transition_20_to_24","24","15.26","92.264","1066177.111","10006.952"
"2026-08-17T12:20:43.2356915Z","transition","transition_20_to_24","24","13.849","92.197","5207127.374","1474.181"
"2026-08-17T12:20:45.2794348Z","transition","transition_20_to_24","24","10.023","92.202","521101.622","2958.469"
"2026-08-17T12:20:47.3195326Z","transition","transition_20_to_24","24","13.944","92.197","583728.286","1509058.204"
"2026-08-17T12:20:49.3425444Z","transition","transition_20_to_24","24","31.421","92.053","2005518.698","1526413.308"
"2026-08-17T12:20:51.4069527Z","transition","transition_20_to_24","24","16.731","92.032","848903.628","1687.907"
"2026-08-17T12:20:53.4570287Z","transition","transition_20_to_24","24","22.089","92.063","1300186.241","1741.83"
"2026-08-17T12:20:55.5196789Z","transition","transition_20_to_24","24","13.715","92.079","772711.329","1159796.292"
"2026-08-17T12:20:57.5695066Z","transition","transition_20_to_24","24","15.432","92.083","1166757.965","1089.829"
"2026-08-17T12:20:59.6016946Z","transition","transition_20_to_24","24","15.348","92.098","500804.683","1070.241"
"2026-08-17T12:21:01.6296778Z","transition","transition_20_to_24","24","24.176","92.02","1285618.167","1132174.007"
"2026-08-17T12:21:03.6711258Z","transition","transition_20_to_24","24","14.482","92.126","815810.528","1415.127"
"2026-08-17T12:21:05.7308654Z","transition","transition_20_to_24","24","11.539","92.091","630308.308","1619.83"
"2026-08-17T12:21:07.7636750Z","transition","transition_20_to_24","24","9.486","92.181","923075.557","5187.603"
"2026-08-17T12:21:09.8357343Z","plateau","maximum_24","24","10.877","92.108","850118.618","5373.923"
"2026-08-17T12:21:11.9031834Z","plateau","maximum_24","24","15.196","92.033","3523643.924","1630.184"
"2026-08-17T12:21:13.9357486Z","plateau","maximum_24","24","9.632","91.983","998913.055","6654.099"
"2026-08-17T12:21:15.9975571Z","plateau","maximum_24","24","15.706","92.01","1282346.351","1248279.698"
"2026-08-17T12:21:18.0544549Z","plateau","maximum_24","24","11.128","91.955","616186.183","1354.294"
"2026-08-17T12:21:20.1034840Z","plateau","maximum_24","24","11.518","91.996","1355495.031","8689.881"
"2026-08-17T12:21:22.1473466Z","plateau","maximum_24","24","13.994","92.006","699845.298","1431571.334"
"2026-08-17T12:21:24.1868266Z","plateau","maximum_24","24","24.083","91.98","1415290.372","1808.074"
"2026-08-17T12:21:26.2684513Z","plateau","maximum_24","24","16.361","91.93","977502.808","312868.71"
"2026-08-17T12:21:28.3128947Z","plateau","maximum_24","24","16.384","91.964","789251.041","1527876.409"
"2026-08-17T12:21:30.3604872Z","plateau","maximum_24","24","14.714","91.989","764229.951","1225.491"
"2026-08-17T12:21:32.4057414Z","plateau","maximum_24","24","31.28","92.03","557036.885","974411.236"
"2026-08-17T12:21:34.4493546Z","plateau","maximum_24","24","16.349","92.067","501079.939","1782.897"
"2026-08-17T12:21:36.5045540Z","plateau","maximum_24","24","16.047","92.053","1018591.869","13770.574"
"2026-08-17T12:21:38.5428996Z","plateau","maximum_24","24","44.662","92.467","1777489.488","39684.758"
"2026-08-17T12:21:40.6104772Z","plateau","maximum_24","24","30.351","92.528","1112756.225","1777452.134"
"2026-08-17T12:21:42.6706044Z","plateau","maximum_24","24","8.697","92.356","228731.542","1109.358"
"2026-08-17T12:21:44.7093533Z","plateau","maximum_24","24","17.674","92.221","1157727.78","986.304"
"2026-08-17T12:21:46.7641473Z","plateau","maximum_24","24","8.585","92.202","426626.251","1118.212"
"2026-08-17T12:21:48.8205896Z","plateau","maximum_24","24","21.231","92.16","565551.22","842.536"
"2026-08-17T12:21:50.8737745Z","plateau","maximum_24","24","10.947","92.145","945420.198","1083.44"
"2026-08-17T12:21:52.9121385Z","plateau","maximum_24","24","10.042","92.167","1035504.16","14867.692"
"2026-08-17T12:21:54.9643044Z","plateau","maximum_24","24","15.035","92.145","839317.591","3996.27"
"2026-08-17T12:21:57.0217962Z","plateau","maximum_24","24","15.215","92.101","669426.117","5415.966"
"2026-08-17T12:21:59.0616972Z","plateau","maximum_24","24","15.424","92.093","881862.349","3309.084"
"2026-08-17T12:22:01.1117465Z","plateau","maximum_24","24","16.111","92.07","907648.275","1151.598"
"2026-08-17T12:22:03.1534654Z","plateau","maximum_24","24","24.07","92.184","4299074.775","1137.563"
"2026-08-17T12:22:05.1824881Z","plateau","maximum_24","24","14.217","92.21","807892.325","1133.819"
"2026-08-17T12:22:07.2573760Z","plateau","maximum_24","24","15.089","92.23","1254239.672","5202.753"
"2026-08-17T12:22:09.3038621Z","plateau","maximum_24","24","44.883","92.192","1003738.865","972.792"
"2026-08-17T12:22:11.3673360Z","plateau","maximum_24","24","21.424","92.155","761975.923","1776.759"
"2026-08-17T12:22:13.4235983Z","plateau","maximum_24","24","16.667","92.172","1010421.125","11872.799"
"2026-08-17T12:22:15.4715472Z","plateau","maximum_24","24","16.269","92.192","1058583.875","1500.352"
"2026-08-17T12:22:17.5225271Z","plateau","maximum_24","24","11.796","92.067","671852.672","1090.875"
"2026-08-17T12:22:19.5823956Z","plateau","maximum_24","24","17.475","92.037","1369929.015","1224.279"
"2026-08-17T12:22:21.6374687Z","plateau","maximum_24","24","10.577","92.025","620074.292","828.479"
"2026-08-17T12:22:23.6873934Z","plateau","maximum_24","24","20.853","92.023","762155.772","1600.705"
"2026-08-17T12:22:25.7339539Z","plateau","maximum_24","24","21.63","91.976","718888.144","1851.957"
"2026-08-17T12:22:27.7892219Z","plateau","maximum_24","24","10.846","92.004","266997.329","962.194"
"2026-08-17T12:22:29.8395719Z","plateau","maximum_24","24","19.607","92.019","767071.757","1021.311"
"2026-08-17T12:22:31.8832697Z","plateau","maximum_24","24","15.754","92.035","7161408.466","974.995"
"2026-08-17T12:22:33.9426710Z","plateau","maximum_24","24","17.301","92.11","1578552.367","13964.441"
"2026-08-17T12:22:35.9850975Z","plateau","maximum_24","24","10.084","92.086","610092.715","5658.802"
"2026-08-17T12:22:38.0383000Z","plateau","maximum_24","24","18.248","92.063","307801.316","8623.096"
"2026-08-17T12:22:40.0868621Z","plateau","maximum_24","24","17.33","92.2","1501592.282","12212.025"
"2026-08-17T12:22:42.1393199Z","plateau","maximum_24","24","22.087","92.155","571157.938","1231.081"
"2026-08-17T12:22:44.1739794Z","plateau","maximum_24","24","12.898","92.099","850358.173","1716.053"
"2026-08-17T12:22:46.2294742Z","plateau","maximum_24","24","12.975","92.09","648611.072","1335.108"
"2026-08-17T12:22:48.2710756Z","plateau","maximum_24","24","13.418","92.089","501203.23","937.299"
"2026-08-17T12:22:50.3236534Z","plateau","maximum_24","24","13.901","92.058","382452.504","1235.692"
"2026-08-17T12:22:52.3920728Z","plateau","maximum_24","24","13.653","92.051","646470.989","807.732"
"2026-08-17T12:22:54.4431196Z","plateau","maximum_24","24","12.775","92.069","485774.502","5649.184"
"2026-08-17T12:22:56.5024822Z","plateau","maximum_24","24","11.809","92.065","482506.52","17130.013"
"2026-08-17T12:22:58.5393146Z","plateau","maximum_24","24","13.645","92.042","570600.918","2599.068"
"2026-08-17T12:23:00.5790193Z","plateau","maximum_24","24","17.906","92.13","706549.083","1372.984"
"2026-08-17T12:23:02.6292619Z","plateau","maximum_24","24","16.474","92.097","4117407.675","729.36"
"2026-08-17T12:23:04.6817897Z","plateau","maximum_24","24","22.433","92.121","1260642.608","1261.973"
"2026-08-17T12:23:06.7212788Z","plateau","maximum_24","24","15.144","92.124","449482.19","877.895"
"2026-08-17T12:23:08.7751355Z","plateau","maximum_24","24","23.829","92.098","1284322.624","948.789"
"2026-08-17T12:23:10.8014863Z","recovery_ramp","transition_24_to_4","4","16.906","92.117","470292.132","13221.819"
"2026-08-17T12:23:12.8475150Z","recovery_ramp","transition_24_to_4","4","13.084","91.99","565248.358","1013.557"
"2026-08-17T12:23:14.9054607Z","recovery_ramp","transition_24_to_4","4","9.342","91.958","406606.926","1076.079"
"2026-08-17T12:23:16.9464121Z","recovery_ramp","transition_24_to_4","4","10.089","91.975","505151.12","1588.563"
"2026-08-17T12:23:18.9937671Z","recovery_ramp","transition_24_to_4","4","14.364","91.986","499963.183","1018.17"
"2026-08-17T12:23:21.0441603Z","recovery_ramp","transition_24_to_4","4","12.504","91.964","973013.579","14068.656"
"2026-08-17T12:23:23.0968967Z","recovery_ramp","transition_24_to_4","4","15.463","91.964","178240.222","868.336"
"2026-08-17T12:23:25.1475803Z","recovery_ramp","transition_24_to_4","4","24.713","92","5750563.308","1135.51"
"2026-08-17T12:23:27.2216937Z","recovery_ramp","transition_24_to_4","4","15.613","92.001","667722.972","5934.264"
"2026-08-17T12:23:29.2807878Z","recovery_ramp","transition_24_to_4","4","11.115","92","302097.592","1138.208"
"2026-08-17T12:23:31.3127529Z","recovery_ramp","transition_24_to_4","4","20.654","91.993","338026.645","942.587"
"2026-08-17T12:23:33.3598852Z","recovery_ramp","transition_24_to_4","4","15.15","92.046","1571706.776","1349.815"
"2026-08-17T12:23:35.3991709Z","recovery_ramp","transition_24_to_4","4","23.301","92.04","735442.086","1441.37"
"2026-08-17T12:23:37.4728189Z","recovery_ramp","transition_24_to_4","4","22.304","92.075","505136.547","12438.499"
"2026-08-17T12:23:39.5292934Z","recovery_ramp","transition_24_to_4","4","21.563","92.08","626226.076","3231.48"
"2026-08-17T12:23:41.5867876Z","recovery_ramp","transition_24_to_4","4","19.475","92.117","133912534.038","2132.376"
"2026-08-17T12:23:43.6244851Z","recovery_ramp","transition_24_to_4","4","9.181","92.065","417059.123","1561.916"
"2026-08-17T12:23:45.6623419Z","recovery_ramp","transition_24_to_4","4","35.874","92.08","2436032.127","953611.015"
"2026-08-17T12:23:47.7125289Z","recovery_ramp","transition_24_to_4","4","40.578","92.506","973616.55","12434.034"
"2026-08-17T12:23:49.7965634Z","recovery_ramp","transition_24_to_4","4","25.882","92.416","18885811.175","797.27"
"2026-08-17T12:23:51.8462035Z","recovery_ramp","transition_24_to_4","4","56.468","92.634","33590874.519","1935919.927"
"2026-08-17T12:23:53.9380927Z","recovery_ramp","transition_24_to_4","4","40.778","92.828","44489073.511","7137.85"
"2026-08-17T12:23:55.9818052Z","recovery_ramp","transition_24_to_4","4","42.716","92.86","179152860.052","1932.187"
"2026-08-17T12:23:58.0281260Z","recovery_ramp","transition_24_to_4","4","31.135","92.706","170488991.009","94977.416"
"2026-08-17T12:24:00.0738662Z","recovery_ramp","transition_24_to_4","4","17.924","92.659","259666272.768","19126.29"
"2026-08-17T12:24:02.1195447Z","recovery_ramp","transition_24_to_4","4","16.795","92.719","9643526.41","1554.154"
"2026-08-17T12:24:04.1707913Z","recovery_ramp","transition_24_to_4","4","24.318","92.699","12521679.543","732.491"
"2026-08-17T12:24:06.1991572Z","recovery_ramp","transition_24_to_4","4","21.456","92.686","3059998.12","1282439.9"
"2026-08-17T12:24:08.2434658Z","recovery_ramp","transition_24_to_4","4","18.06","92.689","2727971.393","2667.993"
"2026-08-17T12:24:10.3007768Z","recovery","recovery_4","4","20.754","92.705","213975518.589","25172.546"
"2026-08-17T12:24:12.3478891Z","recovery","recovery_4","4","26.204","92.81","11284464.809","580486.812"
"2026-08-17T12:24:14.3775923Z","recovery","recovery_4","4","22.525","92.758","4241858.595","396543.188"
"2026-08-17T12:24:16.4475262Z","recovery","recovery_4","4","21.669","92.663","2075547.533","26834.719"
"2026-08-17T12:24:18.5133974Z","recovery","recovery_4","4","16.578","92.671","319016.156","52038.405"
"2026-08-17T12:24:20.5785886Z","recovery","recovery_4","4","27.666","92.65","2320915.33","33762.353"
"2026-08-17T12:24:22.6130846Z","recovery","recovery_4","4","18.538","92.711","1657901.014","677642.949"
"2026-08-17T12:24:24.6507647Z","recovery","recovery_4","4","16.299","92.643","3747188.367","69325.84"
"2026-08-17T12:24:26.7009156Z","recovery","recovery_4","4","16.425","92.608","217173.61","105288.505"
"2026-08-17T12:24:28.7255703Z","recovery","recovery_4","4","20.327","92.578","349459.797","1431247.87"
"2026-08-17T12:24:30.7815922Z","recovery","recovery_4","4","8.74","92.559","3710096.747","3332.451"
"2026-08-17T12:24:32.8124459Z","recovery","recovery_4","4","13.586","92.563","248280.413","508065.814"
"2026-08-17T12:24:34.8602351Z","recovery","recovery_4","4","17.559","92.636","261695.944","207428.547"
"2026-08-17T12:24:36.9122550Z","recovery","recovery_4","4","12.655","92.645","282467.536","530.021"
"2026-08-17T12:24:38.9618076Z","recovery","recovery_4","4","7.627","92.571","123024.207","1380.872"
"2026-08-17T12:24:41.0036116Z","recovery","recovery_4","4","20","92.553","105262.856","7740.323"
"2026-08-17T12:24:43.0513438Z","recovery","recovery_4","4","20.388","92.54","190407.747","773.452"
"2026-08-17T12:24:45.0958762Z","recovery","recovery_4","4","18.134","92.508","113339.453","1229735.241"
"2026-08-17T12:24:47.1476395Z","recovery","recovery_4","4","9.436","92.516","112867.36","484.977"
"2026-08-17T12:24:49.1764706Z","recovery","recovery_4","4","9.639","92.54","404998.36","767715.507"
"2026-08-17T12:24:51.2237195Z","recovery","recovery_4","4","8.913","92.492","278255.54","485.311"
"2026-08-17T12:24:53.2585057Z","recovery","recovery_4","4","50.12","92.508","4193063.983","720542.964"
"2026-08-17T12:24:55.3257015Z","recovery","recovery_4","4","21.254","92.519","378158.117","867.472"
"2026-08-17T12:24:57.3808380Z","recovery","recovery_4","4","13.552","92.295","750878.605","1276.341"
"2026-08-17T12:24:59.4390481Z","recovery","recovery_4","4","16.137","92.268","676394.965","15380.063"
"2026-08-17T12:25:01.4927798Z","recovery","recovery_4","4","14.628","92.283","931620.602","902.863"
"2026-08-17T12:25:03.5431044Z","recovery","recovery_4","4","10.747","92.309","70927.824","791688.185"
"2026-08-17T12:25:05.5724339Z","recovery","recovery_4","4","15.648","92.307","339370.673","20828.946"
"2026-08-17T12:25:07.6262573Z","recovery","recovery_4","4","12.297","92.334","198663.924","565292.144"
"2026-08-17T12:25:09.6688000Z","recovery","recovery_4","4","22.129","92.325","454509.427","1097.753"
"2026-08-17T12:25:11.7245377Z","recovery","recovery_4","4","23.803","92.259","1753200.822","555343.234"
"2026-08-17T12:25:13.7875116Z","recovery","recovery_4","4","16.471","92.286","479328.751","972398.784"
"2026-08-17T12:25:15.8553177Z","recovery","recovery_4","4","11.325","92.278","644444","4185.358"
"2026-08-17T12:25:17.9119301Z","recovery","recovery_4","4","13.344","92.285","86679.871","4088771.382"
"2026-08-17T12:25:19.9718881Z","recovery","recovery_4","4","12.959","92.177","213097.888","3356.668"
"2026-08-17T12:25:22.0141699Z","recovery","recovery_4","4","14.402","92.198","1000043.68","125026.26"
"2026-08-17T12:25:24.0683437Z","recovery","recovery_4","4","16.977","92.074","381986.982","1540.621"
"2026-08-17T12:25:26.1234655Z","recovery","recovery_4","4","24.742","92.051","1121701.641","192694.878"
"2026-08-17T12:25:28.1640398Z","recovery","recovery_4","4","25.634","91.93","747858.003","978.376"
"2026-08-17T12:25:30.2162957Z","recovery","recovery_4","4","14.281","92.081","421876.255","2777.218"
"2026-08-17T12:25:32.2554490Z","recovery","recovery_4","4","15.395","91.89","169287.849","2680021.038"
"2026-08-17T12:25:34.2867018Z","recovery","recovery_4","4","13.081","91.986","405638.186","3568.136"
"2026-08-17T12:25:36.3330689Z","recovery","recovery_4","4","14.187","92.069","1634582.122","2574610.392"
"2026-08-17T12:25:38.3627046Z","recovery","recovery_4","4","12.269","92.038","280066.544","288076.402"
"2026-08-17T12:25:40.4130692Z","recovery","recovery_4","4","21.293","92.187","428294.286","5476.881"
"2026-08-17T12:25:42.4977311Z","recovery","recovery_4","4","11.972","92.17","375572.559","3295.988"
"2026-08-17T12:25:44.5412737Z","recovery","recovery_4","4","15.045","92.056","25760.544","7066.589"
"2026-08-17T12:25:46.5846960Z","recovery","recovery_4","4","11.256","92.05","189498.915","954.297"
"2026-08-17T12:25:48.6123304Z","recovery","recovery_4","4","13.217","92.044","299165.394","981.795"
"2026-08-17T12:25:50.6724096Z","recovery","recovery_4","4","12.92","92.089","1730110.611","2349368.403"
"2026-08-17T12:25:52.7221527Z","recovery","recovery_4","4","8.692","92.108","102571.724","1924312.299"
"2026-08-17T12:25:54.7733603Z","recovery","recovery_4","4","16.971","92.094","462721.824","3216.92"
"2026-08-17T12:25:56.8114866Z","recovery","recovery_4","4","8.61","92.04","627654.408","3198.271"
"2026-08-17T12:25:58.8585938Z","recovery","recovery_4","4","11.963","92.054","209542.413","6117.084"
"2026-08-17T12:26:00.9042058Z","recovery","recovery_4","4","14.73","92.117","306017.861","3824.235"
"2026-08-17T12:26:02.9559659Z","recovery","recovery_4","4","12.967","92.066","510738.632","50227.385"
"2026-08-17T12:26:04.9996676Z","recovery","recovery_4","4","19.579","92.365","917972.057","3227170.604"
"2026-08-17T12:26:07.0488145Z","recovery","recovery_4","4","15.647","92.407","539736.185","5207.808"
"2026-08-17T12:26:09.0992636Z","recovery","recovery_4","4","15.576","92.492","760931.36","970895.565"
"2026-08-17T12:26:11.1356634Z","ramp_down","transition_4_to_0","0","12.886","92.461","512297.693","2933473.78"
"2026-08-17T12:26:13.1958127Z","ramp_down","transition_4_to_0","0","9.439","92.402","282183.744","3838.227"
"2026-08-17T12:26:15.2455465Z","ramp_down","transition_4_to_0","0","11.495","92.433","673000.861","2085.509"
"2026-08-17T12:26:17.3019575Z","ramp_down","transition_4_to_0","0","11.739","92.374","141139.644","1873.123"
"2026-08-17T12:26:19.3317447Z","ramp_down","transition_4_to_0","0","14.182","92.388","244543.033","1484.078"
"2026-08-17T12:26:21.3708997Z","ramp_down","transition_4_to_0","0","11.484","92.405","226156.142","7497.233"
"2026-08-17T12:26:23.4223554Z","ramp_down","transition_4_to_0","0","10.478","92.184","16159.748","55532.366"
"2026-08-17T12:26:25.4675864Z","ramp_down","transition_4_to_0","0","9.152","92.193","419390.37","2636.98"
"2026-08-17T12:26:27.5122207Z","ramp_down","transition_4_to_0","0","18.678","92.166","87343.97","627.154"
"2026-08-17T12:26:29.5592250Z","ramp_down","transition_4_to_0","0","12.742","92.138","272055.702","915.999"
"2026-08-17T12:26:31.6085096Z","ramp_down","transition_4_to_0","0","11.441","92.15","254115.159","1273.685"
"2026-08-17T12:26:33.6702915Z","ramp_down","transition_4_to_0","0","12.522","92.174","257658.671","1682.801"
"2026-08-17T12:26:35.7034546Z","ramp_down","transition_4_to_0","0","9.206","92.152","381704.168","648.619"
"2026-08-17T12:26:37.7435760Z","ramp_down","transition_4_to_0","0","15.401","92.191","498288.34","1824.786"
"2026-08-17T12:26:39.7872320Z","ramp_down","transition_4_to_0","0","10.488","92.261","39638.745","5575.191"
"2026-08-17T12:26:41.8347746Z","ramp_down","transition_4_to_0","0","43.358","92.47","1385601.686","194731.715"
"2026-08-17T12:26:43.9387286Z","ramp_down","transition_4_to_0","0","21.245","92.625","2735602.82","1322.833"
"2026-08-17T12:26:45.9978493Z","ramp_down","transition_4_to_0","0","39.202","92.807","596742.236","99938.732"
"2026-08-17T12:26:48.0718468Z","ramp_down","transition_4_to_0","0","15.574","92.757","709592.304","468532.739"
"2026-08-17T12:26:50.1371559Z","ramp_down","transition_4_to_0","0","20.758","92.618","277145.471","384942.571"
"2026-08-17T12:26:52.1977084Z","ramp_down","transition_4_to_0","0","10.864","92.619","77794.102","951.373"
"2026-08-17T12:26:54.2478812Z","ramp_down","transition_4_to_0","0","17.091","92.583","78776.244","939617.155"
"2026-08-17T12:26:56.2872125Z","ramp_down","transition_4_to_0","0","20.874","92.494","701864.955","75510.962"
"2026-08-17T12:26:58.3362880Z","ramp_down","transition_4_to_0","0","26.393","92.412","87119.305","1413522.458"
"2026-08-17T12:27:00.3791944Z","ramp_down","transition_4_to_0","0","13.451","92.392","112281.101","2515.024"
"2026-08-17T12:27:02.4271841Z","ramp_down","transition_4_to_0","0","12.281","92.419","284164.956","23212.757"
"2026-08-17T12:27:04.4757550Z","ramp_down","transition_4_to_0","0","13.886","92.443","586848.418","8644.829"
"2026-08-17T12:27:06.5068297Z","ramp_down","transition_4_to_0","0","16.304","92.466","406979.925","741260.419"
"2026-08-17T12:27:08.5503737Z","ramp_down","transition_4_to_0","0","23.078","92.443","682216.508","1231.705"
"2026-08-17T12:27:10.6104600Z","graceful_completion","graceful_completion","0","15.67","92.422","368406.546","966239.608"
"2026-08-17T12:27:12.6654574Z","graceful_completion","graceful_completion","0","9.168","92.398","1003190.095","4848.457"
"2026-08-17T12:27:14.7179015Z","graceful_completion","graceful_completion","0","10.242","92.229","66187.405","748.99"
"2026-08-17T12:27:16.7731971Z","graceful_completion","graceful_completion","0","27.002","92.02","3470567.395","605720.91"
